hour,latitude,longitude,depth,dissolved_oxygen,salinity,temperature
2021-05-15 22:00:00+00:00,44.67250511764706,-65.67136176470589,2.2941176470588234,103.73333333333333,31.9,7.833235294117647
2021-05-15 23:00:00+00:00,44.66379190909091,-65.68058181818182,2.0,101.53333333333335,31.25,8.208409090909091
2021-05-16 00:00:00+00:00,44.66379190909091,-65.68058181818182,2.0,103.77499999999999,30.05,8.446363636363635
2021-05-16 01:00:00+00:00,44.66379190909091,-65.68058181818182,2.0,104.68333333333334,29.75,8.509090909090908
2021-05-16 02:00:00+00:00,44.66379190909091,-65.68058181818182,2.0,104.40833333333335,30.650000000000002,8.190045454545453
2021-05-16 03:00:00+00:00,44.66379190909091,-65.68058181818182,2.0,104.43333333333334,30.349999999999998,8.144681818181818
2021-05-16 04:00:00+00:00,44.66379190909091,-65.68058181818182,2.0,104.18333333333334,31.3,7.763727272727272
2021-05-16 05:00:00+00:00,44.66379190909091,-65.68058181818182,2.0,103.48333333333333,31.816666666666666,7.606681818181818
2021-05-16 06:00:00+00:00,44.66379190909091,-65.68058181818182,2.0,100.71666666666665,32.166666666666664,7.54259090909091
2021-05-16 07:00:00+00:00,44.66379190909091,-65.68058181818182,2.0,102.93333333333334,32.2,7.554045454545454
2021-05-16 08:00:00+00:00,44.66379190909091,-65.68058181818182,2.0,103.41666666666667,32.0,7.657318181818183
2021-05-16 09:00:00+00:00,44.66379190909091,-65.68058181818182,2.0,102.91666666666667,32.083333333333336,7.757727272727272
2021-05-16 10:00:00+00:00,44.66379190909091,-65.68058181818182,2.0,103.5,32.0,7.89859090909091
2021-05-16 11:00:00+00:00,44.66379190909091,-65.68058181818182,2.0,103.5,31.916666666666668,8.094818181818182
2021-05-16 12:00:00+00:00,44.66379190909091,-65.68058181818182,2.0,103.15833333333335,31.8,8.119454545454547
2021-05-16 13:00:00+00:00,44.66379190909091,-65.68058181818182,2.0,103.96666666666665,30.05,8.48931818181818
2021-05-16 14:00:00+00:00,44.66379190909091,-65.68058181818182,2.0,104.675,29.21666666666667,8.42909090909091
2021-05-16 15:00:00+00:00,44.66379190909091,-65.68058181818182,2.0,104.55,29.78333333333333,8.28209090909091
2021-05-16 16:00:00+00:00,44.66379190909091,-65.68058181818182,2.0,104.45,31.21666666666667,7.8930454545454545
2021-05-16 17:00:00+00:00,44.66379190909091,-65.68058181818182,2.0,103.86666666666667,31.833333333333332,7.676454545454546
2021-05-16 18:00:00+00:00,44.66379190909091,-65.68058181818182,2.0,99.84166666666665,32.0,7.625318181818182
2021-05-16 19:00:00+00:00,44.66379190909091,-65.68058181818182,2.0,96.74166666666667,32.166666666666664,7.60509090909091
2021-05-16 20:00:00+00:00,44.66379190909091,-65.68058181818182,2.0,103.14999999999999,31.450000000000003,7.907136363636363
2021-05-16 21:00:00+00:00,44.66379190909091,-65.68058181818182,2.0,103.3,31.78333333333333,7.883636363636364
2021-05-16 22:00:00+00:00,44.66379190909091,-65.68058181818182,2.0,103.98333333333333,31.983333333333334,7.923636363636363
2021-05-16 23:00:00+00:00,44.66379190909091,-65.68058181818182,2.0,103.58333333333333,31.8,8.095
2021-05-17 00:00:00+00:00,44.66379190909091,-65.68058181818182,2.0,101.80833333333334,31.45,8.355954545454544
2021-05-17 01:00:00+00:00,44.66379190909091,-65.68058181818182,2.0,104.55,29.96666666666667,8.709318181818182
2021-05-17 02:00:00+00:00,44.66379190909091,-65.68058181818182,2.0,104.34166666666665,30.03333333333333,8.698409090909092
2021-05-17 03:00:00+00:00,44.66379190909091,-65.68058181818182,2.0,104.78333333333335,30.5,8.371272727272727
2021-05-17 04:00:00+00:00,44.66379190909091,-65.68058181818182,2.0,104.43333333333334,30.349999999999998,8.308681818181817
2021-05-17 05:00:00+00:00,44.66379190909091,-65.68058181818182,2.0,104.09166666666665,31.21666666666667,7.980272727272728
2021-05-17 06:00:00+00:00,44.66379190909091,-65.68058181818182,2.0,102.66666666666667,31.96666666666667,7.701727272727272
2021-05-17 07:00:00+00:00,44.66379190909091,-65.68058181818182,2.0,101.00833333333333,32.28333333333333,7.6635909090909085
2021-05-17 08:00:00+00:00,44.66379190909091,-65.68058181818182,2.0,102.73333333333333,31.95,7.783909090909091
2021-05-17 09:00:00+00:00,44.66379190909091,-65.68058181818182,2.0,102.84166666666665,31.883333333333336,7.8696363636363635
2021-05-17 10:00:00+00:00,44.66379190909091,-65.68058181818182,2.0,102.94166666666666,32.03333333333333,7.9390909090909085
2021-05-17 11:00:00+00:00,44.66379190909091,-65.68058181818182,2.0,103.26666666666667,31.96666666666667,8.095454545454546
2021-05-17 12:00:00+00:00,44.66379190909091,-65.68058181818182,2.0,103.10000000000001,32.03333333333333,8.183181818181819
2021-05-17 13:00:00+00:00,44.66379190909091,-65.68058181818182,2.0,103.77499999999999,31.0,8.5465
2021-05-17 14:00:00+00:00,44.66379190909091,-65.68058181818182,2.0,105.04166666666667,30.066666666666666,8.750181818181817
2021-05-17 15:00:00+00:00,44.66379190909091,-65.68058181818182,2.0,105.47500000000001,29.416666666666668,8.619772727272727
2021-05-17 16:00:00+00:00,44.66379190909091,-65.68058181818182,2.0,105.0,29.933333333333334,8.429136363636363
2021-05-17 17:00:00+00:00,44.66379190909091,-65.68058181818182,2.0,104.95833333333333,31.71666666666667,8.008681818181818
2021-05-17 18:00:00+00:00,44.66379190909091,-65.68058181818182,2.0,103.85000000000001,31.55,8.006181818181817
2021-05-17 19:00:00+00:00,44.66379190909091,-65.68058181818182,2.0,100.73333333333333,32.0,7.87459090909091
2021-05-17 20:00:00+00:00,44.66379190909091,-65.68058181818182,2.0,102.83333333333333,31.900000000000002,7.942545454545454
2021-05-17 21:00:00+00:00,44.66379190909091,-65.68058181818182,2.0,102.98333333333333,31.46666666666667,8.109727272727271
2021-05-17 22:00:00+00:00,44.66379190909091,-65.68058181818182,2.0,104.51666666666667,31.766666666666666,8.122045454545455
2021-05-17 23:00:00+00:00,44.66379190909091,-65.68058181818182,2.0,104.14999999999999,32.03333333333333,8.120681818181819
2021-05-18 00:00:00+00:00,44.66379190909091,-65.68058181818182,2.0,103.825,31.666666666666668,8.43459090909091
2021-05-18 01:00:00+00:00,44.66379190909091,-65.68058181818182,2.0,104.14999999999999,30.96666666666667,8.748181818181818
2021-05-18 02:00:00+00:00,44.66379190909091,-65.68058181818182,2.0,103.95,29.55,9.142999999999999
2021-05-18 03:00:00+00:00,44.66379190909091,-65.68058181818182,2.0,104.83333333333333,29.849999999999998,8.953727272727273
2021-05-18 04:00:00+00:00,44.66379190909091,-65.68058181818182,2.0,105.03333333333335,30.71666666666667,8.505136363636364
2021-05-18 05:00:00+00:00,44.66379190909091,-65.68058181818182,2.0,105.00833333333333,30.599999999999998,8.515272727272729
2021-05-18 06:00:00+00:00,44.66379190909091,-65.68058181818182,2.0,104.78333333333335,31.683333333333334,8.115954545454544
2021-05-18 07:00:00+00:00,44.66379190909091,-65.68058181818182,2.0,103.00833333333333,32.083333333333336,7.963454545454545
2021-05-18 08:00:00+00:00,44.66379190909091,-65.68058181818182,2.0,98.64166666666667,32.28333333333333,7.891636363636365
2021-05-18 09:00:00+00:00,44.66379190909091,-65.68058181818182,2.0,103.98333333333333,31.950000000000003,8.072909090909091
2021-05-18 10:00:00+00:00,44.66379190909091,-65.68058181818182,2.0,103.85000000000001,31.916666666666668,8.104545454545455
2021-05-18 11:00:00+00:00,44.66379190909091,-65.68058181818182,2.0,103.96666666666665,32.06666666666667,8.204318181818183
2021-05-18 12:00:00+00:00,44.66379190909091,-65.68058181818182,2.0,103.925,32.06666666666667,8.384272727272728
2021-05-18 13:00:00+00:00,44.66379190909091,-65.68058181818182,2.0,102.13333333333333,32.13333333333333,8.526318181818182
2021-05-18 14:00:00+00:00,44.66379190909091,-65.68058181818182,2.0,104.59166666666665,31.2,8.879181818181818
2021-05-18 15:00:00+00:00,44.66379190909091,-65.68058181818182,2.0,105.45833333333333,30.683333333333334,9.03
2021-05-18 16:00:00+00:00,44.66379190909091,-65.68058181818182,2.0,105.675,30.03333333333333,8.895227272727272
2021-05-18 17:00:00+00:00,44.66379190909091,-65.68058181818182,2.0,105.3,30.53333333333333,8.604318181818183
2021-05-18 18:00:00+00:00,44.66379190909091,-65.68058181818182,2.0,104.54166666666667,30.866666666666664,8.39340909090909
2021-05-18 19:00:00+00:00,44.66379190909091,-65.68058181818182,2.0,103.39166666666667,31.75,8.08309090909091
2021-05-18 20:00:00+00:00,44.66379190909091,-65.68058181818182,2.0,100.5,32.166666666666664,7.9185454545454546
2021-05-18 21:00:00+00:00,44.66379190909091,-65.68058181818182,2.0,102.86666666666667,32.35,7.970909090909092
2021-05-18 22:00:00+00:00,44.66379190909091,-65.68058181818182,2.0,104.0,31.75,8.244772727272727
2021-05-18 23:00:00+00:00,44.66379190909091,-65.68058181818182,2.0,104.25833333333333,31.916666666666668,8.285454545454545
2021-05-19 00:00:00+00:00,44.66379190909091,-65.68058181818182,2.0,104.36666666666667,32.166666666666664,8.374227272727273
2021-05-19 01:00:00+00:00,44.66379190909091,-65.68058181818182,2.0,102.98333333333333,32.15,8.581545454545456
2021-05-19 02:00:00+00:00,44.66379190909091,-65.68058181818182,2.0,105.14166666666667,31.633333333333336,8.804181818181819
2021-05-19 03:00:00+00:00,44.66379190909091,-65.68058181818182,2.0,105.74166666666667,30.95,9.124363636363636
2021-05-19 04:00:00+00:00,44.66379190909091,-65.68058181818182,2.0,105.0,30.833333333333332,9.033545454545454
2021-05-19 05:00:00+00:00,44.66379190909091,-65.68058181818182,2.0,104.61666666666667,30.900000000000002,8.606136363636365
2021-05-19 06:00:00+00:00,44.66379190909091,-65.68058181818182,2.0,104.63333333333333,31.016666666666666,8.493181818181817
2021-05-19 07:00:00+00:00,44.66379190909091,-65.68058181818182,2.0,103.8,31.566666666666666,8.190227272727272
2021-05-19 08:00:00+00:00,44.66379190909091,-65.68058181818182,2.0,102.625,32.166666666666664,7.97409090909091
2021-05-19 09:00:00+00:00,44.66379190909091,-65.68058181818182,2.0,100.35000000000001,32.31666666666666,7.949545454545454
2021-05-19 10:00:00+00:00,44.66379190909091,-65.68058181818182,2.0,102.85833333333333,32.06666666666667,8.137954545454546
2021-05-19 11:00:00+00:00,44.66379190909091,-65.68058181818182,2.0,103.10000000000001,32.15,8.206590909090908
2021-05-19 12:00:00+00:00,44.66379190909091,-65.68058181818182,2.0,103.41666666666667,32.166666666666664,8.344863636363636
2021-05-19 13:00:00+00:00,44.66379190909091,-65.68058181818182,2.0,104.35833333333333,32.1,8.452318181818182
2021-05-19 14:00:00+00:00,44.66379190909091,-65.68058181818182,2.0,104.18333333333334,31.599999999999998,8.76290909090909
2021-05-19 15:00:00+00:00,44.66379190909091,-65.68058181818182,2.0,105.47500000000001,31.75,8.856772727272727
2021-05-19 16:00:00+00:00,44.66379190909091,-65.68058181818182,2.0,105.65833333333335,31.133333333333336,9.054409090909092
2021-05-19 17:00:00+00:00,44.66379190909091,-65.68058181818182,2.0,105.14999999999999,30.133333333333336,8.848181818181818
2021-05-19 18:00:00+00:00,44.66379190909091,-65.68058181818182,2.0,104.61666666666667,30.116666666666664,8.753636363636362
2021-05-19 19:00:00+00:00,44.66379190909091,-65.68058181818182,2.0,104.77499999999999,30.633333333333336,8.669545454545455
2021-05-19 20:00:00+00:00,44.66379190909091,-65.68058181818182,2.0,104.48333333333333,31.366666666666664,8.44
2021-05-19 21:00:00+00:00,44.66379190909091,-65.68058181818182,2.0,102.175,31.333333333333332,8.4075
2021-05-19 22:00:00+00:00,44.66379190909091,-65.68058181818182,2.0,102.02499999999999,30.849999999999998,8.696818181818182
2021-05-19 23:00:00+00:00,44.66379190909091,-65.68058181818182,2.0,103.14999999999999,31.28333333333333,8.61659090909091
2021-05-20 00:00:00+00:00,44.66379190909091,-65.68058181818182,2.0,103.30833333333334,31.366666666666664,8.675545454545455
2021-05-20 01:00:00+00:00,44.66379190909091,-65.68058181818182,2.0,103.60833333333333,31.650000000000002,8.690227272727272
2021-05-20 02:00:00+00:00,44.66379190909091,-65.68058181818182,2.0,103.11666666666667,31.666666666666668,8.706727272727273
2021-05-20 03:00:00+00:00,44.66379190909091,-65.68058181818182,2.0,103.675,31.516666666666666,8.7795
2021-05-20 04:00:00+00:00,44.66379190909091,-65.68058181818182,2.0,103.52499999999999,30.616666666666664,9.025136363636364
2021-05-20 05:00:00+00:00,44.66379190909091,-65.68058181818182,2.0,103.44166666666666,30.75,8.7875
2021-05-20 06:00:00+00:00,44.66379190909091,-65.68058181818182,2.0,102.825,31.05,8.557727272727274
2021-05-20 07:00:00+00:00,44.66379190909091,-65.68058181818182,2.0,103.52499999999999,31.03333333333333,8.44909090909091
2021-05-20 08:00:00+00:00,44.66379190909091,-65.68058181818182,2.0,103.41666666666667,31.650000000000002,8.287727272727272
2021-05-20 09:00:00+00:00,44.66379190909091,-65.68058181818182,2.0,100.97500000000001,32.18333333333333,8.147272727272728
2021-05-20 10:00:00+00:00,44.66379190909091,-65.68058181818182,2.0,98.18333333333334,32.05,8.227954545454544
2021-05-20 11:00:00+00:00,44.66379190909091,-65.68058181818182,2.0,102.15833333333335,31.583333333333332,8.406136363636364
2021-05-20 12:00:00+00:00,44.66379190909091,-65.68058181818182,2.0,102.79166666666667,31.816666666666666,8.391818181818183
2021-05-20 13:00:00+00:00,44.66379190909091,-65.68058181818182,2.0,103.0,32.166666666666664,8.335227272727273
2021-05-20 14:00:00+00:00,44.66379190909091,-65.68058181818182,2.0,103.49166666666667,32.2,8.437954545454545
2021-05-20 15:00:00+00:00,44.66379190909091,-65.68058181818182,2.0,103.89999999999999,31.599999999999998,8.89690909090909
2021-05-20 16:00:00+00:00,44.66379190909091,-65.68058181818182,2.0,104.27499999999999,30.883333333333336,9.079545454545455
2021-05-20 17:00:00+00:00,44.66379190909091,-65.68058181818182,2.0,105.55833333333334,30.516666666666666,9.14640909090909
2021-05-20 18:00:00+00:00,44.66379190909091,-65.68058181818182,2.0,105.84166666666665,30.166666666666668,8.997045454545455
2021-05-20 19:00:00+00:00,44.66379190909091,-65.68058181818182,2.0,105.96666666666665,31.083333333333332,8.806136363636364
2021-05-20 20:00:00+00:00,44.66379190909091,-65.68058181818182,2.0,105.19166666666666,31.95,8.475909090909092
2021-05-20 21:00:00+00:00,44.66379190909091,-65.68058181818182,2.0,103.93333333333334,31.983333333333334,8.422272727272727
2021-05-20 22:00:00+00:00,44.66379190909091,-65.68058181818182,2.0,100.7,32.31666666666666,8.342272727272727
2021-05-20 23:00:00+00:00,44.66379190909091,-65.68058181818182,2.0,103.91666666666667,31.883333333333336,8.548181818181819
2021-05-21 00:00:00+00:00,44.66379190909091,-65.68058181818182,2.0,104.69166666666666,32.0,8.597000000000001
2021-05-21 01:00:00+00:00,44.66379190909091,-65.68058181818182,2.0,105.60000000000001,32.11666666666667,8.666863636363637
2021-05-21 02:00:00+00:00,44.66379190909091,-65.68058181818182,2.0,105.8,32.18333333333333,8.780227272727272
2021-05-21 03:00:00+00:00,44.66379190909091,-65.68058181818182,2.0,105.125,32.083333333333336,8.910363636363636
2021-05-21 04:00:00+00:00,44.66379190909091,-65.68058181818182,2.0,103.36666666666667,31.683333333333334,9.101363636363637
2021-05-21 05:00:00+00:00,44.66379190909091,-65.68058181818182,2.0,105.76666666666667,30.766666666666666,9.450000000000001
2021-05-21 06:00:00+00:00,44.66379190909091,-65.68058181818182,2.0,106.22500000000001,30.883333333333336,9.33309090909091
2021-05-21 07:00:00+00:00,44.66379190909091,-65.68058181818182,2.0,106.14999999999999,31.116666666666664,9.071772727272728
2021-05-21 08:00:00+00:00,44.66379190909091,-65.68058181818182,2.0,105.85833333333333,31.05,8.968863636363636
2021-05-21 09:00:00+00:00,44.66379190909091,-65.68058181818182,2.0,104.60000000000001,31.866666666666664,8.532954545454546
2021-05-21 10:00:00+00:00,44.66379190909091,-65.68058181818182,2.0,103.04166666666667,32.266666666666666,8.352727272727272
2021-05-21 11:00:00+00:00,44.66379190909091,-65.68058181818182,2.0,100.95,32.333333333333336,8.379090909090909
2021-05-21 12:00:00+00:00,44.66379190909091,-65.68058181818182,2.0,104.10000000000001,31.849999999999998,8.637954545454546
2021-05-21 13:00:00+00:00,44.66379190909091,-65.68058181818182,2.0,104.72500000000001,32.166666666666664,8.660318181818182
2021-05-21 14:00:00+00:00,44.66379190909091,-65.68058181818182,2.0,105.64166666666667,32.18333333333334,8.849318181818182
2021-05-21 15:00:00+00:00,44.66379190909091,-65.68058181818182,2.0,106.76666666666667,32.13333333333333,9.1915
2021-05-21 16:00:00+00:00,44.66379190909091,-65.68058181818182,2.0,107.74166666666667,31.866666666666664,9.574318181818182
2021-05-21 17:00:00+00:00,44.66379190909091,-65.68058181818182,2.0,108.60000000000001,31.666666666666668,9.705681818181818
2021-05-21 18:00:00+00:00,44.66379190909091,-65.68058181818182,2.0,108.77499999999999,31.650000000000002,9.748227272727274
2021-05-21 19:00:00+00:00,44.66379190909091,-65.68058181818182,2.0,108.34166666666665,31.3,9.590181818181819
2021-05-21 20:00:00+00:00,44.66379190909091,-65.68058181818182,2.0,107.45833333333333,31.849999999999998,9.149545454545454
2021-05-21 21:00:00+00:00,44.66379190909091,-65.68058181818182,2.0,106.425,32.56666666666667,8.571363636363635
2021-05-21 22:00:00+00:00,44.66379190909091,-65.68058181818182,2.0,104.26666666666667,32.7,8.407727272727273
2021-05-21 23:00:00+00:00,44.66379190909091,-65.68058181818182,2.0,103.61666666666667,32.53333333333333,8.489772727272728
2021-05-22 00:00:00+00:00,44.66379190909091,-65.68058181818182,2.0,104.15833333333335,32.53333333333333,8.516772727272727
2021-05-22 01:00:00+00:00,44.66379190909091,-65.68058181818182,2.0,105.69166666666666,32.233333333333334,8.951545454545455
2021-05-22 02:00:00+00:00,44.66379190909091,-65.68058181818182,2.0,107.19166666666666,32.1,9.288545454545455
2021-05-22 03:00:00+00:00,44.66379190909091,-65.68058181818182,2.0,108.00833333333333,32.1,9.6525
2021-05-22 04:00:00+00:00,44.66379190909091,-65.68058181818182,2.0,106.98333333333333,32.233333333333334,9.749545454545455
2021-05-22 05:00:00+00:00,44.66379190909091,-65.68058181818182,2.0,107.15833333333335,32.15,9.880318181818181
2021-05-22 06:00:00+00:00,44.66379190909091,-65.68058181818182,2.0,107.95,31.866666666666664,9.870636363636363
2021-05-22 07:00:00+00:00,44.66379190909091,-65.68058181818182,2.0,107.41666666666667,31.933333333333334,9.530181818181818
2021-05-22 08:00:00+00:00,44.66379190909091,-65.68058181818182,2.0,106.8,32.050000000000004,9.243727272727272
2021-05-22 09:00:00+00:00,44.66379190909091,-65.68058181818182,2.0,105.96666666666665,32.416666666666664,8.788363636363636
2021-05-22 10:00:00+00:00,44.66379190909091,-65.68058181818182,2.0,105.02499999999999,32.65,8.513863636363636
2021-05-22 11:00:00+00:00,44.66379190909091,-65.68058181818182,2.0,102.24166666666667,32.516666666666666,8.432727272727274
2021-05-22 12:00:00+00:00,44.66379190909091,-65.68058181818182,2.0,102.85000000000001,32.61666666666667,8.363863636363636
2021-05-22 13:00:00+00:00,44.66379190909091,-65.68058181818182,2.0,104.05,32.483333333333334,8.614545454545455
2021-05-22 14:00:00+00:00,44.66379190909091,-65.68058181818182,2.0,104.58333333333333,32.233333333333334,8.986954545454545
2021-05-22 15:00:00+00:00,44.66379190909091,-65.68058181818182,2.0,105.47500000000001,32.233333333333334,9.34759090909091
2021-05-22 16:00:00+00:00,44.66379190909091,-65.68058181818182,2.0,107.5,32.2,9.844363636363637
2021-05-22 17:00:00+00:00,44.66379190909091,-65.68058181818182,2.0,108.13333333333333,32.199999999999996,10.031863636363637
2021-05-22 18:00:00+00:00,44.66379190909091,-65.68058181818182,2.0,108.39999999999999,32.18333333333334,10.052818181818182
2021-05-22 19:00:00+00:00,44.66379190909091,-65.68058181818182,2.0,107.81666666666666,32.25,9.938954545454544
2021-05-22 20:00:00+00:00,44.66379190909091,-65.68058181818182,2.0,107.53333333333335,32.199999999999996,9.479863636363635
2021-05-22 21:00:00+00:00,44.66379190909091,-65.68058181818182,2.0,106.75,32.266666666666666,9.177136363636363
2021-05-22 22:00:00+00:00,44.66379190909091,-65.68058181818182,2.0,105.60000000000001,32.68333333333334,8.683409090909091
2021-05-22 23:00:00+00:00,44.66379190909091,-65.68058181818182,2.0,103.41666666666667,32.733333333333334,8.51090909090909
2021-05-23 00:00:00+00:00,44.66379190909091,-65.68058181818182,2.0,103.96666666666665,32.6,8.638227272727272
2021-05-23 01:00:00+00:00,44.66379190909091,-65.68058181818182,2.0,102.97500000000001,32.65,8.764636363636363
2021-05-23 02:00:00+00:00,44.66379190909091,-65.68058181818182,2.0,105.11666666666667,32.35,9.039272727272728
2021-05-23 03:00:00+00:00,44.66379190909091,-65.68058181818182,2.0,105.26666666666667,32.31666666666666,9.258636363636363
2021-05-23 04:00:00+00:00,44.66379190909091,-65.68058181818182,2.0,106.11666666666667,32.333333333333336,9.630681818181818
2021-05-23 05:00:00+00:00,44.66379190909091,-65.68058181818182,2.0,106.99166666666667,32.35,9.893772727272728
2021-05-23 06:00:00+00:00,44.66379190909091,-65.68058181818182,2.0,106.60000000000001,32.266666666666666,10.024
2021-05-23 07:00:00+00:00,44.66379190909091,-65.68058181818182,2.0,107.18333333333334,32.3,9.934727272727272
2021-05-23 08:00:00+00:00,44.66379190909091,-65.68058181818182,2.0,106.22500000000001,32.416666666666664,9.447454545454546
2021-05-23 09:00:00+00:00,44.66379190909091,-65.68058181818182,2.0,105.64999999999999,32.416666666666664,9.130863636363635
2021-05-23 10:00:00+00:00,44.66379190909091,-65.68058181818182,2.0,105.16666666666667,32.63333333333333,8.772318181818182
2021-05-23 11:00:00+00:00,44.66379190909091,-65.68058181818182,2.0,104.39166666666667,32.7,8.526636363636364
2021-05-23 12:00:00+00:00,44.66379190909091,-65.68058181818182,2.0,101.925,32.733333333333334,8.511636363636363
2021-05-23 13:00:00+00:00,44.66379190909091,-65.68058181818182,2.0,102.54166666666667,32.71666666666667,8.563
2021-05-23 14:00:00+00:00,44.66379190909091,-65.68058181818182,2.0,103.625,32.6,8.774136363636364
2021-05-23 15:00:00+00:00,44.66379190909091,-65.68058181818182,2.0,104.55,32.483333333333334,8.991045454545455
2021-05-23 16:00:00+00:00,44.66379190909091,-65.68058181818182,2.0,105.00833333333333,32.416666666666664,9.307227272727273
2021-05-23 17:00:00+00:00,44.66379190909091,-65.68058181818182,2.0,106.56666666666666,32.449999999999996,9.800636363636364
2021-05-23 18:00:00+00:00,44.66379190909091,-65.68058181818182,2.0,107.38333333333333,32.4,10.1135
2021-05-23 19:00:00+00:00,44.66379190909091,-65.68058181818182,2.0,107.49166666666667,32.4,10.150954545454546
2021-05-23 20:00:00+00:00,44.66379190909091,-65.68058181818182,2.0,106.75833333333333,32.4,9.758318181818181
2021-05-23 21:00:00+00:00,44.66379190909091,-65.68058181818182,2.0,106.15833333333335,32.166666666666664,9.515818181818183
2021-05-23 22:00:00+00:00,44.66379190909091,-65.68058181818182,2.0,105.825,32.35,9.215045454545454
2021-05-23 23:00:00+00:00,44.66379190909091,-65.68058181818182,2.0,105.43333333333334,32.733333333333334,8.841181818181818
2021-05-24 00:00:00+00:00,44.66379190909091,-65.68058181818182,2.0,103.39999999999999,32.8,8.6685
2021-05-24 01:00:00+00:00,44.66379190909091,-65.68058181818182,2.0,102.40833333333335,32.8,8.581681818181819
2021-05-24 02:00:00+00:00,44.66379190909091,-65.68058181818182,2.0,103.64166666666667,32.38333333333333,8.850727272727273
2021-05-24 03:00:00+00:00,44.66379190909091,-65.68058181818182,2.0,104.45,32.18333333333334,9.084909090909091
2021-05-24 04:00:00+00:00,44.66379190909091,-65.68058181818182,2.0,104.08333333333333,32.28333333333333,9.231772727272727
2021-05-24 05:00:00+00:00,44.66379190909091,-65.68058181818182,2.0,104.925,32.21666666666667,9.577954545454546
2021-05-24 06:00:00+00:00,44.66379190909091,-65.68058181818182,2.0,104.575,32.35,9.696818181818182
2021-05-24 07:00:00+00:00,44.66379190909091,-65.68058181818182,2.0,104.075,32.38333333333333,9.592772727272727
2021-05-24 08:00:00+00:00,44.66379190909091,-65.68058181818182,2.0,104.98333333333333,32.3,9.547772727272728
2021-05-24 09:00:00+00:00,44.66379190909091,-65.68058181818182,2.0,104.77499999999999,32.18333333333334,9.302863636363638
2021-05-24 10:00:00+00:00,44.66379190909091,-65.68058181818182,2.0,104.39999999999999,32.1,9.063545454545455
2021-05-24 11:00:00+00:00,44.66379190909091,-65.68058181818182,2.0,104.10833333333333,32.65,8.659590909090909
2021-05-24 12:00:00+00:00,44.66379190909091,-65.68058181818182,2.0,103.73333333333333,32.71666666666667,8.522772727272727
2021-05-24 13:00:00+00:00,44.66379190909091,-65.68058181818182,2.0,101.97500000000001,32.71666666666667,8.575272727272727
2021-05-24 14:00:00+00:00,44.66379190909091,-65.68058181818182,2.0,101.94166666666666,32.71666666666667,8.705863636363636
2021-05-24 15:00:00+00:00,44.66379190909091,-65.68058181818182,2.0,104.13333333333333,32.333333333333336,8.93509090909091
2021-05-24 16:00:00+00:00,44.66379190909091,-65.68058181818182,2.0,104.325,32.31666666666666,9.016409090909091
2021-05-24 17:00:00+00:00,44.66379190909091,-65.68058181818182,2.0,104.96666666666665,32.31666666666667,9.254318181818181
2021-05-24 18:00:00+00:00,44.66379190909091,-65.68058181818182,2.0,105.79166666666667,32.416666666666664,9.574772727272729
2021-05-24 19:00:00+00:00,44.66379190909091,-65.68058181818182,2.0,105.95833333333333,32.5,9.850045454545453
2021-05-24 20:00:00+00:00,44.66379190909091,-65.68058181818182,2.0,106.14166666666667,32.4,9.922409090909092
2021-05-24 21:00:00+00:00,44.66379190909091,-65.68058181818182,2.0,106.31666666666666,32.266666666666666,9.655181818181818
2021-05-24 22:00:00+00:00,44.66379190909091,-65.68058181818182,2.0,106.45,32.13333333333333,9.463772727272728
2021-05-24 23:00:00+00:00,44.66379190909091,-65.68058181818182,2.0,105.3,32.583333333333336,8.945727272727273
2021-05-25 00:00:00+00:00,44.66379190909091,-65.68058181818182,2.0,104.80833333333334,32.68333333333334,8.755954545454545
2021-05-25 01:00:00+00:00,44.66379190909091,-65.68058181818182,2.0,103.52499999999999,32.666666666666664,8.744181818181818
2021-05-25 02:00:00+00:00,44.66379190909091,-65.68058181818182,2.0,104.20833333333333,32.65,8.81490909090909
2021-05-25 03:00:00+00:00,44.66379190909091,-65.68058181818182,2.0,104.36666666666667,32.483333333333334,8.936954545454546
2021-05-25 04:00:00+00:00,44.66379190909091,-65.68058181818182,2.0,104.35833333333333,32.53333333333333,9.040363636363637
2021-05-25 05:00:00+00:00,44.66379190909091,-65.68058181818182,2.0,104.64166666666667,32.38333333333333,9.465454545454547
2021-05-25 06:00:00+00:00,44.66379190909091,-65.68058181818182,2.0,105.50833333333333,32.4,9.6825
2021-05-25 07:00:00+00:00,44.66379190909091,-65.68058181818182,2.0,105.75,32.46666666666667,9.834681818181819
2021-05-25 08:00:00+00:00,44.66379190909091,-65.68058181818182,2.0,105.55,32.3,9.856727272727271
2021-05-25 09:00:00+00:00,44.66379190909091,-65.68058181818182,2.0,105.19166666666666,32.38333333333333,9.717
2021-05-25 10:00:00+00:00,44.66379190909091,-65.68058181818182,2.0,105.10833333333333,32.4,9.406045454545454
2021-05-25 11:00:00+00:00,44.66379190909091,-65.68058181818182,2.0,104.86666666666667,32.46666666666667,9.118954545454544
2021-05-25 12:00:00+00:00,44.66379190909091,-65.68058181818182,2.0,104.925,32.666666666666664,8.825090909090909
2021-05-25 13:00:00+00:00,44.66379190909091,-65.68058181818182,2.0,103.48333333333333,32.7,8.711227272727273
2021-05-25 14:00:00+00:00,44.66379190909091,-65.68058181818182,2.0,104.0,32.7,8.782227272727273
2021-05-25 15:00:00+00:00,44.66379190909091,-65.68058181818182,2.0,104.825,32.7,8.94009090909091
2021-05-25 16:00:00+00:00,44.66503264285715,-65.67354342857142,1.8499999999999999,104.95,32.65,9.365571428571428
2021-05-25 17:00:00+00:00,44.66503264285715,-65.67354342857142,1.8499999999999999,105.75,32.550000000000004,9.732535714285715
2021-05-25 18:00:00+00:00,44.66503264285715,-65.67354342857142,1.8499999999999999,105.85833333333333,32.53333333333333,10.05717857142857
2021-05-25 19:00:00+00:00,44.66503264285715,-65.67354342857142,1.8499999999999999,106.19166666666666,32.516666666666666,10.375892857142857
2021-05-25 20:00:00+00:00,44.66503264285715,-65.67354342857142,1.8499999999999999,106.03333333333335,32.5,10.5305
2021-05-25 21:00:00+00:00,44.66503264285715,-65.67354342857142,1.8499999999999999,105.93333333333334,32.583333333333336,10.520357142857142
2021-05-25 22:00:00+00:00,44.66503264285715,-65.67354342857142,1.8499999999999999,106.05,32.5,10.380571428571429
2021-05-25 23:00:00+00:00,44.66503264285715,-65.67354342857142,1.8499999999999999,106.10833333333333,32.583333333333336,9.856071428571429
2021-05-26 00:00:00+00:00,44.66503264285715,-65.67354342857142,1.8499999999999999,105.56666666666666,32.68333333333334,9.384607142857144
2021-05-26 01:00:00+00:00,44.66503264285715,-65.67354342857142,1.8499999999999999,104.825,32.75,9.140392857142857
2021-05-26 02:00:00+00:00,44.66503264285715,-65.67354342857142,1.8499999999999999,103.51666666666667,32.8,9.039214285714285
2021-05-26 03:00:00+00:00,44.66503264285715,-65.67354342857142,1.8499999999999999,104.58333333333333,32.766666666666666,9.115428571428572
2021-05-26 04:00:00+00:00,44.66503264285715,-65.67354342857142,1.8499999999999999,104.94166666666666,32.78333333333333,9.312607142857143
2021-05-26 05:00:00+00:00,44.66503264285715,-65.67354342857142,1.8499999999999999,105.15833333333335,32.68333333333334,9.589142857142857
2021-05-26 06:00:00+00:00,44.66503264285715,-65.67354342857142,1.8499999999999999,105.25,32.56666666666667,10.058714285714286
2021-05-26 07:00:00+00:00,44.66503264285715,-65.67354342857142,1.8499999999999999,105.03333333333335,32.61666666666667,10.24975
2021-05-26 08:00:00+00:00,44.66503264285715,-65.67354342857142,1.8499999999999999,104.29166666666667,32.68333333333334,10.440321428571428
2021-05-26 09:00:00+00:00,44.66503264285715,-65.67354342857142,1.8499999999999999,103.94166666666666,32.46666666666667,10.518
2021-05-26 10:00:00+00:00,44.66503264285715,-65.67354342857142,1.8499999999999999,104.38333333333333,32.61666666666667,10.253821428571428
2021-05-26 11:00:00+00:00,44.66503264285715,-65.67354342857142,1.8499999999999999,104.56666666666666,32.38333333333333,9.915892857142856
2021-05-26 12:00:00+00:00,44.66503264285715,-65.67354342857142,1.8499999999999999,104.575,32.550000000000004,9.59732142857143
2021-05-26 13:00:00+00:00,44.66503264285715,-65.67354342857142,1.8499999999999999,104.375,32.7,9.149714285714285
2021-05-26 14:00:00+00:00,44.66503264285715,-65.67354342857142,1.8499999999999999,102.48333333333333,32.75,9.020607142857143
2021-05-26 15:00:00+00:00,44.66503264285715,-65.67354342857142,1.8499999999999999,103.39166666666667,32.75,9.106821428571429
2021-05-26 16:00:00+00:00,44.66503264285715,-65.67354342857142,1.8499999999999999,104.14166666666667,32.733333333333334,9.319392857142857
2021-05-26 17:00:00+00:00,44.66503264285715,-65.67354342857142,1.8499999999999999,104.45,32.61666666666667,9.68582142857143
2021-05-26 18:00:00+00:00,44.66503264285715,-65.67354342857142,1.8499999999999999,104.69166666666666,32.583333333333336,9.96032142857143
2021-05-26 19:00:00+00:00,44.66503264285715,-65.67354342857142,1.8499999999999999,104.575,32.6,10.185035714285714
2021-05-26 20:00:00+00:00,44.66503264285715,-65.67354342857142,1.8499999999999999,104.45,32.68333333333334,10.571642857142859
2021-05-26 21:00:00+00:00,44.66503264285715,-65.67354342857142,1.8499999999999999,104.85833333333333,32.56666666666667,11.072678571428572
2021-05-26 22:00:00+00:00,44.66503264285715,-65.67354342857142,1.8499999999999999,104.53333333333335,32.61666666666667,10.901250000000001
2021-05-26 23:00:00+00:00,44.66503264285715,-65.67354342857142,1.8499999999999999,105.36666666666667,32.56666666666667,10.449464285714285
2021-05-27 00:00:00+00:00,44.66503264285715,-65.67354342857142,1.8499999999999999,105.075,32.6,9.918892857142856
2021-05-27 01:00:00+00:00,44.66503264285715,-65.67354342857142,1.8499999999999999,104.89999999999999,32.68333333333334,9.459
2021-05-27 02:00:00+00:00,44.66503264285715,-65.67354342857142,1.8499999999999999,104.16666666666667,32.7,9.179214285714286
2021-05-27 03:00:00+00:00,44.66503264285715,-65.67354342857142,1.8499999999999999,103.14166666666667,32.733333333333334,9.088678571428572
2021-05-27 04:00:00+00:00,44.66503264285715,-65.67354342857142,1.8499999999999999,104.08333333333333,32.71666666666667,9.27057142857143
2021-05-27 05:00:00+00:00,44.66503264285715,-65.67354342857142,1.8499999999999999,104.69166666666666,32.733333333333334,9.595357142857143
2021-05-27 06:00:00+00:00,44.66503264285715,-65.67354342857142,1.8499999999999999,104.50833333333333,32.68333333333334,9.967071428571428
2021-05-27 07:00:00+00:00,44.66503264285715,-65.67354342857142,1.8499999999999999,104.66666666666667,32.6,10.451107142857142
2021-05-27 08:00:00+00:00,44.66503264285715,-65.67354342857142,1.8499999999999999,104.45,32.666666666666664,10.696107142857143
2021-05-27 09:00:00+00:00,44.66503264285715,-65.67354342857142,1.8499999999999999,103.83333333333333,32.65,10.992178571428571
2021-05-27 10:00:00+00:00,44.66503264285715,-65.67354342857142,1.8499999999999999,103.56666666666666,32.583333333333336,11.009571428571428
2021-05-27 11:00:00+00:00,44.66503264285715,-65.67354342857142,1.8499999999999999,103.94166666666666,32.6,10.734107142857143
2021-05-27 12:00:00+00:00,44.66503264285715,-65.67354342857142,1.8499999999999999,104.20833333333333,32.583333333333336,10.249571428571429
2021-05-27 13:00:00+00:00,44.66503264285715,-65.67354342857142,1.8499999999999999,104.5,32.583333333333336,9.851571428571429
2021-05-27 14:00:00+00:00,44.66503264285715,-65.67354342857142,1.8499999999999999,104.125,32.7,9.369357142857142
2021-05-27 15:00:00+00:00,44.66503264285715,-65.67354342857142,1.8499999999999999,102.74166666666667,32.733333333333334,9.267607142857143
2021-05-27 16:00:00+00:00,44.66503264285715,-65.67354342857142,1.8499999999999999,103.19166666666666,32.71666666666667,9.439392857142858
2021-05-27 17:00:00+00:00,44.66503264285715,-65.67354342857142,1.8499999999999999,104.13333333333333,32.78333333333334,9.715428571428571
2021-05-27 18:00:00+00:00,44.66503264285715,-65.67354342857142,1.8499999999999999,104.47500000000001,32.6,10.125535714285714
2021-05-27 19:00:00+00:00,44.66503264285715,-65.67354342857142,1.8499999999999999,104.25833333333333,32.71666666666667,10.232285714285714
2021-05-27 20:00:00+00:00,44.66503264285715,-65.67354342857142,1.8499999999999999,104.375,32.56666666666667,10.719928571428571
2021-05-27 21:00:00+00:00,44.66503264285715,-65.67354342857142,1.8499999999999999,104.00833333333333,32.75,11.137357142857143
2021-05-27 22:00:00+00:00,44.66503264285715,-65.67354342857142,1.8499999999999999,103.68333333333334,32.61666666666667,11.2955
2021-05-27 23:00:00+00:00,44.66503264285715,-65.67354342857142,1.8499999999999999,104.81666666666666,32.583333333333336,11.190857142857142
2021-05-28 00:00:00+00:00,44.66503264285715,-65.67354342857142,1.8499999999999999,104.875,32.416666666666664,10.770857142857142
2021-05-28 01:00:00+00:00,44.66503264285715,-65.67354342857142,1.8499999999999999,104.96666666666665,32.46666666666667,10.236964285714285
2021-05-28 02:00:00+00:00,44.66503264285715,-65.67354342857142,1.8499999999999999,104.60000000000001,32.68333333333334,9.511821428571428
2021-05-28 03:00:00+00:00,44.66503264285715,-65.67354342857142,1.8499999999999999,104.10000000000001,32.7,9.388
2021-05-28 04:00:00+00:00,44.66503264285715,-65.67354342857142,1.8499999999999999,103.70833333333333,32.7,9.315892857142858
2021-05-28 05:00:00+00:00,44.66503264285715,-65.67354342857142,1.8499999999999999,103.925,32.71666666666667,9.331035714285715
2021-05-28 06:00:00+00:00,44.66503264285715,-65.67354342857142,1.8499999999999999,104.26666666666667,32.53333333333333,9.83075
2021-05-28 07:00:00+00:00,44.66503264285715,-65.67354342857142,1.8499999999999999,104.30833333333334,32.46666666666667,10.037392857142859
2021-05-28 08:00:00+00:00,44.66503264285715,-65.67354342857142,1.8499999999999999,104.18333333333334,32.483333333333334,10.355857142857143
2021-05-28 09:00:00+00:00,44.66503264285715,-65.67354342857142,1.8499999999999999,104.24166666666667,32.5,10.626178571428571
2021-05-28 10:00:00+00:00,44.66503264285715,-65.67354342857142,1.8499999999999999,103.08333333333333,32.5,10.796535714285714
2021-05-28 11:00:00+00:00,44.66503264285715,-65.67354342857142,1.8499999999999999,103.23333333333333,32.516666666666666,10.707107142857142
2021-05-28 12:00:00+00:00,44.66503264285715,-65.67354342857142,1.8499999999999999,104.22500000000001,32.416666666666664,10.597642857142857
2021-05-28 13:00:00+00:00,44.66503264285715,-65.67354342857142,1.8499999999999999,104.55833333333334,32.28333333333333,10.324142857142858
2021-05-28 14:00:00+00:00,44.66503264285715,-65.67354342857142,1.8499999999999999,104.09166666666665,32.5,9.814392857142858
2021-05-28 15:00:00+00:00,44.66503264285715,-65.67354342857142,1.8499999999999999,103.81666666666666,32.666666666666664,9.437678571428572
2021-05-28 16:00:00+00:00,44.66503264285715,-65.67354342857142,1.8499999999999999,102.51666666666667,32.65,9.406857142857143
2021-05-28 17:00:00+00:00,44.66503264285715,-65.67354342857142,1.8499999999999999,102.925,32.68333333333334,9.4085
2021-05-28 18:00:00+00:00,44.66503264285715,-65.67354342857142,1.8499999999999999,103.625,32.666666666666664,9.629499999999998
2021-05-28 19:00:00+00:00,44.66503264285715,-65.67354342857142,1.8499999999999999,103.675,32.516666666666666,9.935500000000001
2021-05-28 20:00:00+00:00,44.66503264285715,-65.67354342857142,1.8499999999999999,103.95833333333333,32.5,10.25575
2021-05-28 21:00:00+00:00,44.66503264285715,-65.67354342857142,1.8499999999999999,103.7,32.43333333333333,10.637857142857143
2021-05-28 22:00:00+00:00,44.66345376,-65.67237744,1.5919999999999999,104.98888888888888,32.516666666666666,10.758040000000001
2021-05-28 23:00:00+00:00,44.66144427272727,-65.67089345454545,1.2636363636363637,105.75,32.43333333333333,10.874954545454544
2021-05-29 00:00:00+00:00,44.66144427272727,-65.67089345454545,1.2636363636363637,105.66666666666667,32.46666666666667,10.672954545454546
2021-05-29 01:00:00+00:00,44.66144427272727,-65.67089345454545,1.2636363636363637,106.06666666666666,32.46666666666667,10.368272727272727
2021-05-29 02:00:00+00:00,44.66144427272727,-65.67089345454545,1.2636363636363637,106.35000000000001,32.53333333333333,10.065227272727272
2021-05-29 03:00:00+00:00,44.66144427272727,-65.67089345454545,1.2636363636363637,106.23333333333333,32.68333333333334,9.539954545454545
2021-05-29 04:00:00+00:00,44.66144427272727,-65.67089345454545,1.2636363636363637,105.89999999999999,32.68333333333334,9.377454545454546
2021-05-29 05:00:00+00:00,44.66144427272727,-65.67089345454545,1.2636363636363637,104.51666666666667,32.7,9.272954545454546
2021-05-29 06:00:00+00:00,44.66144427272727,-65.67089345454545,1.2636363636363637,103.16666666666667,32.68333333333334,9.41918181818182
2021-05-29 07:00:00+00:00,44.66144427272727,-65.67089345454545,1.2636363636363637,105.03333333333335,32.550000000000004,9.767136363636364
2021-05-29 08:00:00+00:00,44.66144427272727,-65.67089345454545,1.2636363636363637,105.48333333333333,32.56666666666667,9.946318181818182
2021-05-29 09:00:00+00:00,44.66144427272727,-65.67089345454545,1.2636363636363637,105.86666666666667,32.36666666666667,10.326454545454546
2021-05-29 10:00:00+00:00,44.66144427272727,-65.67089345454545,1.2636363636363637,105.64999999999999,32.5,10.497909090909092
2021-05-29 11:00:00+00:00,44.66144427272727,-65.67089345454545,1.2636363636363637,104.96666666666665,32.550000000000004,10.724909090909092
2021-05-29 12:00:00+00:00,44.66144427272727,-65.67089345454545,1.2636363636363637,105.25,32.46666666666667,10.749318181818182
2021-05-29 13:00:00+00:00,44.66144427272727,-65.67089345454545,1.2636363636363637,105.39999999999999,32.5,10.426272727272728
2021-05-29 14:00:00+00:00,44.66144427272727,-65.67089345454545,1.2636363636363637,105.53333333333335,32.46666666666667,10.116909090909092
2021-05-29 15:00:00+00:00,44.66144427272727,-65.67089345454545,1.2636363636363637,105.86666666666667,32.516666666666666,9.663954545454546
2021-05-29 16:00:00+00:00,44.66144427272727,-65.67089345454545,1.2636363636363637,105.36666666666667,32.6,9.351954545454545
2021-05-29 17:00:00+00:00,44.66144427272727,-65.67089345454545,1.2636363636363637,105.0,32.6,9.228227272727274
2021-05-29 18:00:00+00:00,44.66144427272727,-65.67089345454545,1.2636363636363637,103.45,32.7,9.224545454545455
2021-05-29 19:00:00+00:00,44.66144427272727,-65.67089345454545,1.2636363636363637,103.88333333333333,32.666666666666664,9.467318181818182
2021-05-29 20:00:00+00:00,44.66144427272727,-65.67089345454545,1.2636363636363637,104.55,32.53333333333333,9.676863636363636
2021-05-29 21:00:00+00:00,44.66144427272727,-65.67089345454545,1.2636363636363637,105.13333333333333,32.46666666666667,9.967590909090909
2021-05-29 22:00:00+00:00,44.66144427272727,-65.67089345454545,1.2636363636363637,105.13333333333333,32.21666666666667,10.415136363636364
2021-05-29 23:00:00+00:00,44.66144427272727,-65.67089345454545,1.2636363636363637,104.55,32.35,10.420409090909091
2021-05-30 00:00:00+00:00,44.66144427272727,-65.67089345454545,1.2636363636363637,105.26666666666667,32.18333333333334,10.432818181818181
2021-05-30 01:00:00+00:00,44.66144427272727,-65.67089345454545,1.2636363636363637,105.05,32.43333333333333,10.2885
2021-05-30 02:00:00+00:00,44.66144427272727,-65.67089345454545,1.2636363636363637,105.01666666666667,32.5,10.040636363636365
2021-05-30 03:00:00+00:00,44.66144427272727,-65.67089345454545,1.2636363636363637,105.26666666666667,32.416666666666664,9.743454545454545
2021-05-30 04:00:00+00:00,44.66144427272727,-65.67089345454545,1.2636363636363637,104.86666666666667,32.6,9.275045454545454
2021-05-30 05:00:00+00:00,44.66144427272727,-65.67089345454545,1.2636363636363637,104.58333333333333,32.6,9.0715
2021-05-30 06:00:00+00:00,44.66144427272727,-65.67089345454545,1.2636363636363637,103.75,32.6,9.183545454545454
2021-05-30 07:00:00+00:00,44.66144427272727,-65.67089345454545,1.2636363636363637,103.08333333333333,32.65,9.299772727272726
2021-05-30 08:00:00+00:00,44.66144427272727,-65.67089345454545,1.2636363636363637,104.03333333333335,32.5,9.390272727272729
2021-05-30 09:00:00+00:00,44.66144427272727,-65.67089345454545,1.2636363636363637,104.26666666666667,32.46666666666667,9.473454545454546
2021-05-30 10:00:00+00:00,44.66144427272727,-65.67089345454545,1.2636363636363637,104.5,32.28333333333333,9.723272727272727
2021-05-30 11:00:00+00:00,44.66144427272727,-65.67089345454545,1.2636363636363637,104.51666666666667,32.016666666666666,10.025636363636364
2021-05-30 12:00:00+00:00,44.66144427272727,-65.67089345454545,1.2636363636363637,104.60000000000001,32.416666666666664,10.217363636363636
2021-05-30 13:00:00+00:00,44.66144427272727,-65.67089345454545,1.2636363636363637,105.28333333333335,32.5,10.255590909090909
2021-05-30 14:00:00+00:00,44.66144427272727,-65.67089345454545,1.2636363636363637,106.23333333333333,32.449999999999996,10.06018181818182
2021-05-30 15:00:00+00:00,44.66144427272727,-65.67089345454545,1.2636363636363637,105.68333333333334,32.21666666666667,9.915136363636364
2021-05-30 16:00:00+00:00,44.66144427272727,-65.67089345454545,1.2636363636363637,105.13333333333333,32.36666666666667,9.565272727272728
2021-05-30 17:00:00+00:00,44.66144427272727,-65.67089345454545,1.2636363636363637,104.7,32.583333333333336,9.262181818181817
2021-05-30 18:00:00+00:00,44.66144427272727,-65.67089345454545,1.2636363636363637,104.39999999999999,32.583333333333336,9.286090909090909
2021-05-30 19:00:00+00:00,44.66144427272727,-65.67089345454545,1.2636363636363637,102.91666666666667,32.56666666666667,9.368772727272727
2021-05-30 20:00:00+00:00,44.66144427272727,-65.67089345454545,1.2636363636363637,103.55,32.46666666666667,9.426181818181819
2021-05-30 21:00:00+00:00,44.66144427272727,-65.67089345454545,1.2636363636363637,104.3,32.38333333333333,9.571227272727272
2021-05-30 22:00:00+00:00,44.66144427272727,-65.67089345454545,1.2636363636363637,104.56666666666666,32.35,9.757227272727272
2021-05-30 23:00:00+00:00,44.66144427272727,-65.67089345454545,1.2636363636363637,104.78333333333335,32.199999999999996,10.11959090909091
2021-05-31 00:00:00+00:00,44.66144427272727,-65.67089345454545,1.2636363636363637,104.7,32.233333333333334,10.192318181818182
2021-05-31 01:00:00+00:00,44.66144427272727,-65.67089345454545,1.2636363636363637,105.10000000000001,32.03333333333333,10.155136363636364
2021-05-31 02:00:00+00:00,44.66300936363636,-65.67735236363636,1.7545454545454546,103.92999999999999,32.28333333333333,9.871
2021-05-31 03:00:00+00:00,44.66379190909091,-65.68058181818182,2.0,103.41666666666667,32.300000000000004,9.519
2021-05-31 04:00:00+00:00,44.66379190909091,-65.68058181818182,2.0,103.36666666666667,32.3,9.287863636363637
2021-05-31 05:00:00+00:00,44.66379190909091,-65.68058181818182,2.0,103.28333333333335,32.483333333333334,8.995909090909091
2021-05-31 06:00:00+00:00,44.66379190909091,-65.68058181818182,2.0,102.74166666666667,32.53333333333333,8.846045454545454
2021-05-31 07:00:00+00:00,44.66379190909091,-65.68058181818182,2.0,101.15833333333335,32.5,8.859363636363637
2021-05-31 08:00:00+00:00,44.66379190909091,-65.68058181818182,2.0,101.80833333333334,32.550000000000004,8.978727272727273
2021-05-31 09:00:00+00:00,44.66379190909091,-65.68058181818182,2.0,101.86666666666667,32.416666666666664,9.085681818181818
2021-05-31 10:00:00+00:00,44.66379190909091,-65.68058181818182,2.0,102.925,32.36666666666667,9.206136363636363
2021-05-31 11:00:00+00:00,44.66379190909091,-65.68058181818182,2.0,102.89166666666667,32.233333333333334,9.431909090909091
2021-05-31 12:00:00+00:00,44.66379190909091,-65.68058181818182,2.0,102.61666666666667,32.36666666666667,9.654727272727273
2021-05-31 13:00:00+00:00,44.66379190909091,-65.68058181818182,2.0,101.575,32.35,9.908727272727273
2021-05-31 14:00:00+00:00,44.66379190909091,-65.68058181818182,2.0,102.52499999999999,32.25,9.833
2021-05-31 15:00:00+00:00,44.66379190909091,-65.68058181818182,2.0,103.89999999999999,32.333333333333336,9.677318181818181
2021-05-31 16:00:00+00:00,44.66379190909091,-65.68058181818182,2.0,104.04166666666667,32.2,9.493863636363637
2021-05-31 17:00:00+00:00,44.66379190909091,-65.68058181818182,2.0,103.85000000000001,32.25,9.320590909090908
2021-05-31 18:00:00+00:00,44.66379190909091,-65.68058181818182,2.0,103.66666666666667,32.483333333333334,9.195409090909092
2021-05-31 19:00:00+00:00,44.66379190909091,-65.68058181818182,2.0,101.15833333333335,32.516666666666666,9.17059090909091
2021-05-31 20:00:00+00:00,44.66379190909091,-65.68058181818182,2.0,100.925,32.43333333333333,9.264318181818181
2021-05-31 21:00:00+00:00,44.66379190909091,-65.68058181818182,2.0,103.39999999999999,32.449999999999996,9.554454545454545
2021-05-31 22:00:00+00:00,44.66379190909091,-65.68058181818182,2.0,103.94166666666666,32.31666666666666,9.774136363636364
2021-05-31 23:00:00+00:00,44.66379190909091,-65.68058181818182,2.0,103.175,32.333333333333336,9.812045454545455
2021-06-01 00:00:00+00:00,44.66379190909091,-65.68058181818182,2.0,103.94166666666666,32.21666666666667,10.069818181818182
2021-06-01 01:00:00+00:00,44.66379190909091,-65.68058181818182,2.0,101.19166666666666,32.28333333333333,10.222136363636364
2021-06-01 02:00:00+00:00,44.66379190909091,-65.68058181818182,2.0,103.39999999999999,32.18333333333334,10.381090909090908
2021-06-01 03:00:00+00:00,44.66379190909091,-65.68058181818182,2.0,103.86666666666667,32.15,10.200272727272727
2021-06-01 04:00:00+00:00,44.66379190909091,-65.68058181818182,2.0,103.95,32.233333333333334,9.799181818181818
2021-06-01 05:00:00+00:00,44.66379190909091,-65.68058181818182,2.0,104.11666666666667,32.266666666666666,9.675772727272728
2021-06-01 06:00:00+00:00,44.66379190909091,-65.68058181818182,2.0,104.16666666666667,32.43333333333333,9.385772727272727
2021-06-01 07:00:00+00:00,44.66379190909091,-65.68058181818182,2.0,103.09166666666665,32.483333333333334,9.19090909090909
2021-06-01 08:00:00+00:00,44.66379190909091,-65.68058181818182,2.0,100.35833333333333,32.46666666666667,9.225818181818182
2021-06-01 09:00:00+00:00,44.66379190909091,-65.68058181818182,2.0,102.58333333333333,32.449999999999996,9.417136363636363
2021-06-01 10:00:00+00:00,44.66379190909091,-65.68058181818182,2.0,102.86666666666667,32.449999999999996,9.607045454545455
2021-06-01 11:00:00+00:00,44.66379190909091,-65.68058181818182,2.0,103.27499999999999,32.266666666666666,9.876681818181819
2021-06-01 12:00:00+00:00,44.66379190909091,-65.68058181818182,2.0,103.90833333333335,32.13333333333333,10.16159090909091
2021-06-01 13:00:00+00:00,44.66379190909091,-65.68058181818182,2.0,104.00833333333333,32.2,10.355727272727272
2021-06-01 14:00:00+00:00,44.66379190909091,-65.68058181818182,2.0,103.01666666666667,32.21666666666667,10.4615
2021-06-01 15:00:00+00:00,44.66379190909091,-65.68058181818182,2.0,104.16666666666667,32.266666666666666,10.398863636363636
2021-06-01 16:00:00+00:00,44.66379190909091,-65.68058181818182,2.0,105.05833333333334,32.21666666666667,10.342136363636364
2021-06-01 17:00:00+00:00,44.66379190909091,-65.68058181818182,2.0,105.50833333333333,32.21666666666667,10.087181818181818
2021-06-01 18:00:00+00:00,44.66379190909091,-65.68058181818182,2.0,105.10833333333333,32.266666666666666,9.811681818181818
2021-06-01 19:00:00+00:00,44.66379190909091,-65.68058181818182,2.0,104.68333333333334,32.35,9.5115
2021-06-01 20:00:00+00:00,44.66379190909091,-65.68058181818182,2.0,101.31666666666666,32.4,9.5085
2021-06-01 21:00:00+00:00,44.66379190909091,-65.68058181818182,2.0,100.53333333333335,32.36666666666667,9.580409090909091
2021-06-01 22:00:00+00:00,44.66379190909091,-65.68058181818182,2.0,101.60833333333333,32.43333333333333,9.707181818181818
2021-06-01 23:00:00+00:00,44.66379190909091,-65.68058181818182,2.0,101.25833333333333,32.25,10.024181818181818
2021-06-02 00:00:00+00:00,44.66379190909091,-65.68058181818182,2.0,104.08333333333333,32.25,10.186590909090908
2021-06-02 01:00:00+00:00,44.66379190909091,-65.68058181818182,2.0,105.66666666666667,32.2,10.461590909090908
2021-06-02 02:00:00+00:00,44.66379190909091,-65.68058181818182,2.0,103.75,32.233333333333334,10.692863636363636
2021-06-02 03:00:00+00:00,44.66379190909091,-65.68058181818182,2.0,105.375,32.21666666666667,10.833727272727273
2021-06-02 04:00:00+00:00,44.66379190909091,-65.68058181818182,2.0,105.55833333333334,32.2,10.724
2021-06-02 05:00:00+00:00,44.66379190909091,-65.68058181818182,2.0,105.04166666666667,32.28333333333333,10.292772727272727
2021-06-02 06:00:00+00:00,44.66485814814815,-65.6743894074074,1.8592592592592594,104.78461538461539,32.266666666666666,10.132037037037037
2021-06-02 07:00:00+00:00,44.66503264285715,-65.67354342857142,1.8499999999999999,104.26666666666667,32.36666666666667,9.778357142857143
2021-06-02 08:00:00+00:00,44.66503264285715,-65.67354342857142,1.8499999999999999,103.20833333333333,32.4,9.57207142857143
2021-06-02 09:00:00+00:00,44.66503264285715,-65.67354342857142,1.8499999999999999,97.94166666666666,32.31666666666666,9.685857142857143
2021-06-02 10:00:00+00:00,44.66503264285715,-65.67354342857142,1.8499999999999999,102.7,32.4,9.771714285714285
2021-06-02 11:00:00+00:00,44.66503264285715,-65.67354342857142,1.8499999999999999,103.575,32.35,10.074607142857143
2021-06-02 12:00:00+00:00,44.66503264285715,-65.67354342857142,1.8499999999999999,103.96666666666665,32.31666666666666,10.388857142857143
2021-06-02 13:00:00+00:00,44.66503264285715,-65.67354342857142,1.8499999999999999,104.23333333333333,32.233333333333334,10.66917857142857
2021-06-02 14:00:00+00:00,44.66503264285715,-65.67354342857142,1.8499999999999999,105.55833333333334,32.2,10.917785714285714
2021-06-02 15:00:00+00:00,44.66503264285715,-65.67354342857142,1.8499999999999999,104.10000000000001,32.21666666666667,11.376535714285714
2021-06-02 16:00:00+00:00,44.66503264285715,-65.67354342857142,1.8499999999999999,105.97500000000001,32.28333333333333,11.729285714285714
2021-06-02 17:00:00+00:00,44.66503264285715,-65.67354342857142,1.8499999999999999,107.02499999999999,32.28333333333333,11.00375
2021-06-02 18:00:00+00:00,44.66503264285715,-65.67354342857142,1.8499999999999999,107.24166666666667,32.3,10.789821428571429
2021-06-02 19:00:00+00:00,44.66503264285715,-65.67354342857142,1.8499999999999999,105.76666666666667,32.23333333333333,10.47182142857143
2021-06-02 20:00:00+00:00,44.66503264285715,-65.67354342857142,1.8499999999999999,104.91666666666667,32.38333333333333,10.001357142857144
2021-06-02 21:00:00+00:00,44.66503264285715,-65.67354342857142,1.8499999999999999,100.80833333333334,32.416666666666664,9.996571428571428
2021-06-02 22:00:00+00:00,44.66503264285715,-65.67354342857142,1.8499999999999999,103.13333333333333,32.35,10.111642857142856
2021-06-02 23:00:00+00:00,44.66503264285715,-65.67354342857142,1.8499999999999999,104.125,32.35,10.189464285714285
2021-06-03 00:00:00+00:00,44.66503264285715,-65.67354342857142,1.8499999999999999,105.40833333333335,32.35,10.538535714285715
2021-06-03 01:00:00+00:00,44.66503264285715,-65.67354342857142,1.8499999999999999,104.66666666666667,32.333333333333336,11.021535714285715
2021-06-03 02:00:00+00:00,44.66503264285715,-65.67354342857142,1.8499999999999999,105.64166666666667,32.233333333333334,11.199678571428572
2021-06-03 03:00:00+00:00,44.66503264285715,-65.67354342857142,1.8499999999999999,103.3,32.2,11.319821428571428
2021-06-03 04:00:00+00:00,44.66503264285715,-65.67354342857142,1.8499999999999999,105.175,32.21666666666667,11.467428571428572
2021-06-03 05:00:00+00:00,44.66503264285715,-65.67354342857142,1.8499999999999999,106.55,32.166666666666664,11.297107142857143
2021-06-03 06:00:00+00:00,44.66503264285715,-65.67354342857142,1.8499999999999999,105.88333333333333,32.21666666666667,10.742571428571429
2021-06-03 07:00:00+00:00,44.66503264285715,-65.67354342857142,1.8499999999999999,105.47500000000001,32.2,10.637785714285714
2021-06-03 08:00:00+00:00,44.66503264285715,-65.67354342857142,1.8499999999999999,104.86666666666667,32.266666666666666,10.25792857142857
2021-06-03 09:00:00+00:00,44.66503264285715,-65.67354342857142,1.8499999999999999,103.86666666666667,32.3,9.952857142857143
2021-06-03 10:00:00+00:00,44.66503264285715,-65.67354342857142,1.8499999999999999,98.72500000000001,32.28333333333333,10.039821428571429
2021-06-03 11:00:00+00:00,44.66503264285715,-65.67354342857142,1.8499999999999999,101.53333333333335,32.31666666666666,10.190428571428571
2021-06-03 12:00:00+00:00,44.66503264285715,-65.67354342857142,1.8499999999999999,103.22500000000001,32.3,10.405249999999999
2021-06-03 13:00:00+00:00,44.66503264285715,-65.67354342857142,1.8499999999999999,104.58333333333333,32.3,10.680642857142857
2021-06-03 14:00:00+00:00,44.66503264285715,-65.67354342857142,1.8499999999999999,105.39166666666667,32.233333333333334,10.900214285714286
2021-06-03 15:00:00+00:00,44.66503264285715,-65.67354342857142,1.8499999999999999,106.53333333333335,32.21666666666667,11.214178571428572
2021-06-03 16:00:00+00:00,44.66503264285715,-65.67354342857142,1.8499999999999999,103.675,32.266666666666666,11.612642857142857
2021-06-03 17:00:00+00:00,44.66503264285715,-65.67354342857142,1.8499999999999999,106.73333333333333,32.266666666666666,11.63525
2021-06-03 18:00:00+00:00,44.66503264285715,-65.67354342857142,1.8499999999999999,106.60000000000001,32.21666666666667,11.266321428571429
2021-06-03 19:00:00+00:00,44.66503264285715,-65.67354342857142,1.8499999999999999,107.83333333333333,32.266666666666666,10.938785714285714
2021-06-03 20:00:00+00:00,44.66503264285715,-65.67354342857142,1.8499999999999999,106.18333333333334,32.13333333333333,10.600071428571429
2021-06-03 21:00:00+00:00,44.66503264285715,-65.67354342857142,1.8499999999999999,105.30833333333334,32.36666666666667,10.165107142857142
2021-06-03 22:00:00+00:00,44.66503264285715,-65.67354342857142,1.8499999999999999,101.81666666666666,32.38333333333333,10.084714285714286
2021-06-03 23:00:00+00:00,44.66503264285715,-65.67354342857142,1.8499999999999999,103.51666666666667,32.31666666666666,10.185464285714286
2021-06-04 00:00:00+00:00,44.66503264285715,-65.67354342857142,1.8499999999999999,104.58333333333333,32.333333333333336,10.367
2021-06-04 01:00:00+00:00,44.66503264285715,-65.67354342857142,1.8499999999999999,104.52499999999999,32.333333333333336,10.712214285714285
2021-06-04 02:00:00+00:00,44.66503264285715,-65.67354342857142,1.8499999999999999,106.28333333333335,32.25,11.099785714285714
2021-06-04 03:00:00+00:00,44.66503264285715,-65.67354342857142,1.8499999999999999,107.15833333333335,32.199999999999996,11.540464285714284
2021-06-04 04:00:00+00:00,44.66503264285715,-65.67354342857142,1.8499999999999999,105.06666666666666,32.21666666666667,11.6795
2021-06-04 05:00:00+00:00,44.66503264285715,-65.67354342857142,1.8499999999999999,106.48333333333333,32.2,11.880357142857141
2021-06-04 06:00:00+00:00,44.66503264285715,-65.67354342857142,1.8499999999999999,106.93333333333334,32.11666666666667,11.64975
2021-06-04 07:00:00+00:00,44.66503264285715,-65.67354342857142,1.8499999999999999,106.34166666666665,32.2,11.104892857142858
2021-06-04 08:00:00+00:00,44.66503264285715,-65.67354342857142,1.8499999999999999,105.74166666666667,32.2,10.821642857142857
2021-06-04 09:00:00+00:00,44.66503264285715,-65.67354342857142,1.8499999999999999,104.91666666666667,32.18333333333334,10.429
2021-06-06 14:00:00+00:00,44.66503264285715,-65.67354342857142,1.8499999999999999,103.14999999999999,32.333333333333336,10.637142857142857
2021-06-06 15:00:00+00:00,44.66503264285715,-65.67354342857142,1.8499999999999999,105.52499999999999,32.35,11.306142857142857
2021-06-06 16:00:00+00:00,44.66503264285715,-65.67354342857142,1.8499999999999999,106.58333333333333,32.26666666666667,11.794642857142858
2021-06-06 17:00:00+00:00,44.66503264285715,-65.67354342857142,1.8499999999999999,107.45833333333333,32.083333333333336,12.129357142857144
2021-06-06 18:00:00+00:00,44.66503264285715,-65.67354342857142,1.8499999999999999,105.56666666666666,32.199999999999996,12.55117857142857
2021-06-06 19:00:00+00:00,44.66503264285715,-65.67354342857142,1.8499999999999999,105.94166666666666,32.11666666666667,13.41467857142857
2021-06-06 20:00:00+00:00,44.66503264285715,-65.67354342857142,1.8499999999999999,108.98333333333333,32.2,12.936785714285715
2021-06-06 21:00:00+00:00,44.66503264285715,-65.67354342857142,1.8499999999999999,109.81666666666666,31.916666666666668,12.185142857142859
2021-06-06 22:00:00+00:00,44.66503264285715,-65.67354342857142,1.8499999999999999,108.51666666666667,31.900000000000002,11.6515
2021-06-06 23:00:00+00:00,44.66503264285715,-65.67354342857142,1.8499999999999999,107.26666666666667,32.03333333333333,10.894035714285716
2021-06-07 00:00:00+00:00,44.66503264285715,-65.67354342857142,1.8499999999999999,105.625,32.35,10.611964285714285
2021-06-07 01:00:00+00:00,44.66503264285715,-65.67354342857142,1.8499999999999999,99.96666666666665,32.1,10.892142857142858
2021-06-07 02:00:00+00:00,44.66503264285715,-65.67354342857142,1.8499999999999999,104.05833333333334,32.2,10.764464285714284
2021-06-07 03:00:00+00:00,44.66503264285715,-65.67354342857142,1.8499999999999999,105.44166666666666,32.233333333333334,11.340071428571429
2021-06-07 04:00:00+00:00,44.66503264285715,-65.67354342857142,1.8499999999999999,106.14999999999999,32.233333333333334,11.561250000000001
2021-06-07 05:00:00+00:00,44.66503264285715,-65.67354342857142,1.8499999999999999,106.8,32.266666666666666,11.658821428571429
2021-06-07 06:00:00+00:00,44.66503264285715,-65.67354342857142,1.8499999999999999,107.26666666666667,32.2,11.909928571428571
2021-06-07 07:00:00+00:00,44.66503264285715,-65.67354342857142,1.8499999999999999,104.96666666666665,32.13333333333333,12.276964285714286
2021-06-07 08:00:00+00:00,44.66503264285715,-65.67354342857142,1.8499999999999999,107.52499999999999,32.03333333333333,12.491928571428572
2021-06-07 09:00:00+00:00,44.66503264285715,-65.67354342857142,1.8499999999999999,106.68333333333334,32.016666666666666,12.158249999999999
2021-06-07 10:00:00+00:00,44.66503264285715,-65.67354342857142,1.8499999999999999,106.99166666666667,31.96666666666667,11.568321428571428
2021-06-07 11:00:00+00:00,44.66503264285715,-65.67354342857142,1.8499999999999999,105.91666666666667,31.96666666666667,11.173642857142857
2021-06-07 12:00:00+00:00,44.66503264285715,-65.67354342857142,1.8499999999999999,105.90833333333335,32.2,10.727357142857143
2021-06-07 13:00:00+00:00,44.66503264285715,-65.67354342857142,1.8499999999999999,99.875,31.983333333333334,10.968142857142857
2021-06-07 14:00:00+00:00,44.66503264285715,-65.67354342857142,1.8499999999999999,98.64999999999999,32.15,10.854821428571428
2021-06-07 15:00:00+00:00,44.66503264285715,-65.67354342857142,1.8499999999999999,105.56666666666666,32.233333333333334,11.155785714285715
2021-06-07 16:00:00+00:00,44.66503264285715,-65.67354342857142,1.8499999999999999,107.73333333333333,32.11666666666667,11.560392857142856
2021-06-07 17:00:00+00:00,44.66503264285715,-65.67354342857142,1.8499999999999999,109.01666666666667,32.1,11.844714285714286
2021-06-07 18:00:00+00:00,44.66503264285715,-65.67354342857142,1.8499999999999999,109.71666666666665,32.13333333333333,11.765892857142857
2021-06-07 19:00:00+00:00,44.66503264285715,-65.67354342857142,1.8499999999999999,108.38333333333333,32.13333333333333,12.463642857142858
2021-06-07 20:00:00+00:00,44.66503264285715,-65.67354342857142,1.8499999999999999,110.45833333333333,31.983333333333334,12.753285714285713
2021-06-07 21:00:00+00:00,44.66503264285715,-65.67354342857142,1.8499999999999999,110.98333333333333,31.933333333333334,12.726285714285714
2021-06-07 22:00:00+00:00,44.66503264285715,-65.67354342857142,1.8499999999999999,111.35000000000001,31.75,12.339392857142856
2021-06-07 23:00:00+00:00,44.66503264285715,-65.67354342857142,1.8499999999999999,110.46666666666665,31.916666666666668,11.980892857142857
2021-06-08 00:00:00+00:00,44.66503264285715,-65.67354342857142,1.8499999999999999,108.35000000000001,32.13333333333333,11.053071428571428
2021-06-08 01:00:00+00:00,44.66503264285715,-65.67354342857142,1.8499999999999999,105.26666666666667,32.25,10.790571428571427
2021-06-08 02:00:00+00:00,44.664545333333336,-65.67318355555555,1.7703703703703704,105.2090909090909,32.15,11.044592592592593
2021-06-08 03:00:00+00:00,44.66503264285715,-65.67354342857142,1.8499999999999999,107.58333333333333,32.18333333333334,11.168678571428572
2021-06-08 04:00:00+00:00,44.66503264285715,-65.67354342857142,1.8499999999999999,108.09166666666665,32.050000000000004,11.923428571428571
2021-06-08 05:00:00+00:00,44.66503264285715,-65.67354342857142,1.8499999999999999,108.8,31.96666666666667,12.124392857142857
2021-06-08 06:00:00+00:00,44.66503264285715,-65.67354342857142,1.8499999999999999,109.98333333333333,32.13333333333333,12.330285714285713
2021-06-08 07:00:00+00:00,44.66503264285715,-65.67354342857142,1.8499999999999999,109.825,32.050000000000004,12.43807142857143
2021-06-08 08:00:00+00:00,44.66503264285715,-65.67354342857142,1.8499999999999999,109.33333333333333,31.96666666666667,12.730785714285714
2021-06-08 09:00:00+00:00,44.66503264285715,-65.67354342857142,1.8499999999999999,109.63333333333333,31.88333333333333,12.806714285714287
2021-06-08 10:00:00+00:00,44.66503264285715,-65.67354342857142,1.8499999999999999,109.16666666666667,31.95,12.510535714285714
2021-06-08 11:00:00+00:00,44.66503264285715,-65.67354342857142,1.8499999999999999,108.8,31.96666666666667,12.086714285714285
2021-06-08 12:00:00+00:00,44.66503264285715,-65.67354342857142,1.8499999999999999,108.2,32.083333333333336,11.605607142857142
2021-06-08 13:00:00+00:00,44.66503264285715,-65.67354342857142,1.8499999999999999,107.0,32.11666666666667,11.131928571428572
2021-06-08 14:00:00+00:00,44.664545333333336,-65.67318355555555,1.7703703703703704,103.76363636363637,32.083333333333336,11.344037037037037
2021-06-08 15:00:00+00:00,44.664545333333336,-65.67318355555555,1.7703703703703704,102.98181818181818,32.06666666666667,11.371962962962963
2021-06-08 16:00:00+00:00,44.66503264285715,-65.67354342857142,1.8499999999999999,107.08333333333333,32.0,11.656214285714286
2021-06-08 17:00:00+00:00,44.66503264285715,-65.67354342857142,1.8499999999999999,109.58333333333333,31.96666666666667,12.437821428571429
2021-06-08 18:00:00+00:00,44.664545333333336,-65.67318355555555,1.7703703703703704,109.2090909090909,31.916666666666668,12.843777777777778
2021-06-08 19:00:00+00:00,44.66503264285715,-65.67354342857142,1.8499999999999999,112.36666666666667,31.866666666666664,13.020714285714286
2021-06-08 20:00:00+00:00,44.664545333333336,-65.67318355555555,1.7703703703703704,111.23636363636363,31.983333333333334,13.509296296296295
2021-06-08 21:00:00+00:00,44.66503264285715,-65.67354342857142,1.8499999999999999,113.14999999999999,31.933333333333334,13.241642857142859
2021-06-08 22:00:00+00:00,44.66503264285715,-65.67354342857142,1.8499999999999999,111.79166666666667,31.849999999999998,12.935107142857143
2021-06-08 23:00:00+00:00,44.66503264285715,-65.67354342857142,1.8499999999999999,112.45,31.916666666666668,12.524285714285714
2021-06-09 00:00:00+00:00,44.66503264285715,-65.67354342857142,1.8499999999999999,111.45,31.916666666666668,11.955178571428572
2021-06-09 01:00:00+00:00,44.66503264285715,-65.67354342857142,1.8499999999999999,108.85833333333333,32.083333333333336,11.200928571428571
2021-06-09 02:00:00+00:00,44.66503264285715,-65.67354342857142,1.8499999999999999,100.875,32.25,11.258142857142857
2021-06-09 03:00:00+00:00,44.66503264285715,-65.67354342857142,1.8499999999999999,104.63333333333333,32.1,11.399642857142856
2021-06-09 04:00:00+00:00,44.66503264285715,-65.67354342857142,1.8499999999999999,107.59166666666665,32.166666666666664,11.786928571428572
2021-06-09 05:00:00+00:00,44.66503264285715,-65.67354342857142,1.8499999999999999,107.64166666666667,32.0,12.3485
2021-06-09 06:00:00+00:00,44.66503264285715,-65.67354342857142,1.8499999999999999,109.69166666666666,32.016666666666666,12.655214285714285
2021-06-09 07:00:00+00:00,44.66503264285715,-65.67354342857142,1.8499999999999999,110.36666666666667,32.016666666666666,13.086964285714286
2021-06-09 08:00:00+00:00,44.664545333333336,-65.67318355555555,1.7703703703703704,110.85454545454546,32.03333333333333,13.271037037037036
2021-06-09 09:00:00+00:00,44.66503264285715,-65.67354342857142,1.8499999999999999,110.35000000000001,31.933333333333334,13.37507142857143
2021-06-09 10:00:00+00:00,44.66503264285715,-65.67354342857142,1.8499999999999999,107.81666666666666,31.849999999999998,13.06607142857143
2021-06-09 11:00:00+00:00,44.66503264285715,-65.67354342857142,1.8499999999999999,109.81666666666666,31.983333333333334,12.399607142857144
2021-06-09 12:00:00+00:00,44.66503264285715,-65.67354342857142,1.8499999999999999,108.61666666666667,31.899999999999995,12.033857142857142
2021-06-09 13:00:00+00:00,44.66503264285715,-65.67354342857142,1.8499999999999999,108.21666666666665,31.983333333333334,11.444464285714286
2021-06-09 14:00:00+00:00,44.66503264285715,-65.67354342857142,1.8499999999999999,103.46666666666665,31.683333333333334,11.273214285714285
2021-06-09 15:00:00+00:00,44.66503264285715,-65.67354342857142,1.8499999999999999,101.39999999999999,31.166666666666668,11.246714285714287
2021-06-09 16:00:00+00:00,44.66503264285715,-65.67354342857142,1.8499999999999999,106.23333333333333,31.383333333333336,11.386750000000001
2021-06-09 17:00:00+00:00,44.66503264285715,-65.67354342857142,1.8499999999999999,108.01666666666667,32.083333333333336,12.079964285714285
2021-06-09 18:00:00+00:00,44.66503264285715,-65.67354342857142,1.8499999999999999,109.56666666666666,32.15,12.461464285714285
2021-06-09 19:00:00+00:00,44.66503264285715,-65.67354342857142,1.8499999999999999,110.66666666666667,32.166666666666664,12.844107142857142
2021-06-09 20:00:00+00:00,44.66503264285715,-65.67354342857142,1.8499999999999999,109.10833333333333,31.983333333333334,13.241964285714285
2021-06-09 21:00:00+00:00,44.66503264285715,-65.67354342857142,1.8499999999999999,109.425,31.933333333333334,13.56025
2021-06-09 22:00:00+00:00,44.66503264285715,-65.67354342857142,1.8499999999999999,113.47500000000001,31.95,13.357857142857142
2021-06-09 23:00:00+00:00,44.66503264285715,-65.67354342857142,1.8499999999999999,112.81666666666666,32.11666666666667,12.867857142857144
2021-06-10 00:00:00+00:00,44.66503264285715,-65.67354342857142,1.8499999999999999,112.30833333333334,32.18333333333333,12.490178571428572
2021-06-10 01:00:00+00:00,44.66503264285715,-65.67354342857142,1.8499999999999999,109.74166666666667,31.383333333333336,11.711035714285714
2021-06-10 02:00:00+00:00,44.66503264285715,-65.67354342857142,1.8499999999999999,107.41666666666667,32.266666666666666,11.15692857142857
2021-06-10 03:00:00+00:00,44.664545333333336,-65.67318355555555,1.7703703703703704,100.92727272727274,32.11666666666667,11.365555555555556
2021-06-10 04:00:00+00:00,44.66503264285715,-65.67354342857142,1.8499999999999999,103.81666666666666,32.21666666666667,11.37567857142857
2021-06-10 05:00:00+00:00,44.66503264285715,-65.67354342857142,1.8499999999999999,106.7,32.300000000000004,11.818214285714287
2021-06-10 06:00:00+00:00,44.66503264285715,-65.67354342857142,1.8499999999999999,108.3,32.28333333333333,12.235071428571429
2021-06-10 07:00:00+00:00,44.66503264285715,-65.67354342857142,1.8499999999999999,109.44166666666666,32.266666666666666,12.594750000000001
2021-06-10 08:00:00+00:00,44.66503264285715,-65.67354342857142,1.8499999999999999,110.27499999999999,32.1,12.992678571428572
2021-06-10 09:00:00+00:00,44.66503264285715,-65.67354342857142,1.8499999999999999,108.60833333333333,32.1,13.1665
2021-06-10 10:00:00+00:00,44.66503264285715,-65.67354342857142,1.8499999999999999,109.78333333333335,32.050000000000004,12.827392857142858
2021-06-10 11:00:00+00:00,44.66503264285715,-65.67354342857142,1.8499999999999999,109.88333333333333,31.96666666666667,12.528785714285714
2021-06-10 12:00:00+00:00,44.66503264285715,-65.67354342857142,1.8499999999999999,109.91666666666667,31.8,12.275392857142858
2021-06-10 13:00:00+00:00,44.66503264285715,-65.67354342857142,1.8499999999999999,109.39166666666667,31.816666666666666,11.916321428571427
2021-06-10 14:00:00+00:00,44.66503264285715,-65.67354342857142,1.8499999999999999,107.91666666666667,32.2,11.122607142857143
2021-06-10 15:00:00+00:00,44.664020538461536,-65.672796,1.6846153846153844,105.99000000000001,32.166666666666664,11.17176923076923
2021-06-10 16:00:00+00:00,44.66503264285715,-65.67354342857142,1.8499999999999999,105.66666666666667,32.28333333333333,11.319500000000001
2021-06-10 17:00:00+00:00,44.66503264285715,-65.67354342857142,1.8499999999999999,107.66666666666667,32.11666666666667,11.710678571428572
2021-06-10 18:00:00+00:00,44.66503264285715,-65.67354342857142,1.8499999999999999,109.675,31.900000000000002,12.170892857142858
2021-06-10 19:00:00+00:00,44.66503264285715,-65.67354342857142,1.8499999999999999,111.04166666666667,32.03333333333333,12.421857142857144
2021-06-10 20:00:00+00:00,44.66503264285715,-65.67354342857142,1.8499999999999999,112.10833333333333,32.01666666666667,12.668428571428572
2021-06-10 21:00:00+00:00,44.664545333333336,-65.67318355555555,1.7703703703703704,112.24545454545455,31.916666666666668,12.866888888888889
2021-06-10 22:00:00+00:00,44.66503264285715,-65.67354342857142,1.8499999999999999,113.25833333333333,32.06666666666667,12.747285714285713
2021-06-10 23:00:00+00:00,44.66503264285715,-65.67354342857142,1.8499999999999999,112.575,32.016666666666666,12.709285714285715
2021-06-11 00:00:00+00:00,44.66503264285715,-65.67354342857142,1.8499999999999999,112.0,31.900000000000002,12.251535714285714
2021-06-11 01:00:00+00:00,44.66503264285715,-65.67354342857142,1.8499999999999999,111.23333333333333,31.95,11.7905
2021-06-11 02:00:00+00:00,44.66503264285715,-65.67354342857142,1.8499999999999999,109.60000000000001,32.266666666666666,11.294571428571428
2021-06-11 03:00:00+00:00,44.66503264285715,-65.67354342857142,1.8499999999999999,106.19166666666666,32.300000000000004,11.210142857142857
2021-06-11 04:00:00+00:00,44.664545333333336,-65.67318355555555,1.7703703703703704,101.3,32.28333333333333,11.182185185185185
2021-06-11 05:00:00+00:00,44.66503264285715,-65.67354342857142,1.8499999999999999,105.70833333333333,32.233333333333334,11.347464285714285
2021-06-11 06:00:00+00:00,44.66503264285715,-65.67354342857142,1.8499999999999999,107.175,31.849999999999998,11.470428571428572
2021-06-11 07:00:00+00:00,44.66503264285715,-65.67354342857142,1.8499999999999999,108.29166666666667,31.916666666666668,11.819642857142856
2021-06-11 08:00:00+00:00,44.66503264285715,-65.67354342857142,1.8499999999999999,109.675,31.75,12.348392857142857
2021-06-11 09:00:00+00:00,44.66503264285715,-65.67354342857142,1.8499999999999999,107.60000000000001,32.050000000000004,12.594785714285715
2021-06-11 10:00:00+00:00,44.664545333333336,-65.67318355555555,1.7703703703703704,108.62727272727274,32.0,12.781074074074073
2021-06-11 11:00:00+00:00,44.66503264285715,-65.67354342857142,1.8499999999999999,109.55833333333334,31.983333333333334,12.628321428571429
2021-06-11 12:00:00+00:00,44.66503264285715,-65.67354342857142,1.8499999999999999,110.23333333333333,32.0,12.163964285714286
2021-06-11 13:00:00+00:00,44.66503264285715,-65.67354342857142,1.8499999999999999,110.25833333333333,32.0,11.948535714285713
2021-06-11 14:00:00+00:00,44.66503264285715,-65.67354342857142,1.8499999999999999,109.55,31.96666666666667,11.31125
2021-06-11 15:00:00+00:00,44.66503264285715,-65.67354342857142,1.8499999999999999,107.2,32.06666666666667,11.063214285714285
2021-06-11 16:00:00+00:00,44.66503264285715,-65.67354342857142,1.8499999999999999,104.78333333333335,32.18333333333334,11.259464285714285
2021-06-11 17:00:00+00:00,44.66503264285715,-65.67354342857142,1.8499999999999999,108.91666666666667,32.21666666666667,11.279607142857143
2021-06-11 18:00:00+00:00,44.66503264285715,-65.67354342857142,1.8499999999999999,110.11666666666667,32.15,11.515535714285715
2021-06-11 19:00:00+00:00,44.66503264285715,-65.67354342857142,1.8499999999999999,111.425,31.983333333333334,12.020857142857142
2021-06-11 20:00:00+00:00,44.66503264285715,-65.67354342857142,1.8499999999999999,113.20833333333333,31.933333333333334,12.372392857142858
2021-06-11 21:00:00+00:00,44.66503264285715,-65.67354342857142,1.8499999999999999,114.13333333333333,32.06666666666667,12.607
2021-06-11 22:00:00+00:00,44.66503264285715,-65.67354342857142,1.8499999999999999,111.7,32.11666666666667,12.727928571428572
2021-06-11 23:00:00+00:00,44.66503264285715,-65.67354342857142,1.8499999999999999,114.79166666666667,32.13333333333333,12.779678571428573
2021-06-12 00:00:00+00:00,44.66503264285715,-65.67354342857142,1.8499999999999999,113.06666666666666,32.06666666666667,12.471357142857142
2021-06-12 01:00:00+00:00,44.66503264285715,-65.67354342857142,1.8499999999999999,113.05,32.166666666666664,12.016178571428572
2021-06-12 02:00:00+00:00,44.66503264285715,-65.67354342857142,1.8499999999999999,111.86666666666667,32.21666666666667,11.520678571428572
2021-06-12 03:00:00+00:00,44.66503264285715,-65.67354342857142,1.8499999999999999,110.32499999999999,32.31666666666666,11.089857142857143
2021-06-12 04:00:00+00:00,44.66503264285715,-65.67354342857142,1.8499999999999999,103.64166666666667,32.28333333333333,11.052678571428572
2021-06-12 05:00:00+00:00,44.66503264285715,-65.67354342857142,1.8499999999999999,104.625,32.31666666666667,11.146107142857144
2021-06-12 06:00:00+00:00,44.66503264285715,-65.67354342857142,1.8499999999999999,109.22500000000001,32.21666666666667,11.589321428571427
2021-06-12 07:00:00+00:00,44.66503264285715,-65.67354342857142,1.8499999999999999,109.89999999999999,32.1,12.002535714285715
2021-06-12 08:00:00+00:00,44.66503264285715,-65.67354342857142,1.8499999999999999,110.33333333333333,32.1,12.276357142857142
2021-06-12 09:00:00+00:00,44.66503264285715,-65.67354342857142,1.8499999999999999,110.96666666666665,31.933333333333334,12.636750000000001
2021-06-12 10:00:00+00:00,44.66503264285715,-65.67354342857142,1.8499999999999999,107.38333333333333,32.083333333333336,12.71932142857143
2021-06-12 11:00:00+00:00,44.66503264285715,-65.67354342857142,1.8499999999999999,111.05,32.1,12.822642857142856
2021-06-12 12:00:00+00:00,44.66503264285715,-65.67354342857142,1.8499999999999999,110.81666666666666,32.166666666666664,12.592178571428573
2021-06-12 13:00:00+00:00,44.66503264285715,-65.67354342857142,1.8499999999999999,111.625,32.11666666666667,12.005857142857142
2021-06-12 14:00:00+00:00,44.66503264285715,-65.67354342857142,1.8499999999999999,110.95,32.06666666666667,11.556178571428571
2021-06-12 15:00:00+00:00,44.66503264285715,-65.67354342857142,1.8499999999999999,110.15833333333335,32.15,11.191642857142856
2021-06-12 16:00:00+00:00,44.66503264285715,-65.67354342857142,1.8499999999999999,107.10000000000001,32.4,11.064464285714285
2021-06-12 17:00:00+00:00,44.664545333333336,-65.67318355555555,1.7703703703703704,104.45454545454545,32.31666666666666,11.234740740740742
2021-06-12 18:00:00+00:00,44.66503264285715,-65.67354342857142,1.8499999999999999,109.58333333333333,32.28333333333333,11.507214285714285
2021-06-12 19:00:00+00:00,44.66503264285715,-65.67354342857142,1.8499999999999999,111.8,32.31666666666667,12.00307142857143
2021-06-12 20:00:00+00:00,44.66503264285715,-65.67354342857142,1.8499999999999999,112.825,32.266666666666666,12.298964285714286
2021-06-12 21:00:00+00:00,44.66503264285715,-65.67354342857142,1.8499999999999999,113.875,32.21666666666667,12.354071428571428
2021-06-12 22:00:00+00:00,44.66503264285715,-65.67354342857142,1.8499999999999999,114.26666666666667,32.21666666666667,12.736892857142857
2021-06-12 23:00:00+00:00,44.66503264285715,-65.67354342857142,1.8499999999999999,114.84166666666665,32.233333333333334,12.879214285714285
2021-06-13 00:00:00+00:00,44.66503264285715,-65.67354342857142,1.8499999999999999,113.51666666666667,32.2,12.738392857142857
2021-06-13 01:00:00+00:00,44.66503264285715,-65.67354342857142,1.8499999999999999,113.375,32.15,12.169428571428572
2021-06-13 02:00:00+00:00,44.66503264285715,-65.67354342857142,1.8499999999999999,112.39166666666667,32.233333333333334,11.803357142857143
2021-06-13 03:00:00+00:00,44.66503264285715,-65.67354342857142,1.8499999999999999,111.29166666666667,32.266666666666666,11.264285714285714
2021-06-13 04:00:00+00:00,44.66503264285715,-65.67354342857142,1.8499999999999999,109.7,32.38333333333333,11.015928571428573
2021-06-13 05:00:00+00:00,44.664545333333336,-65.67318355555555,1.7703703703703704,104.86363636363636,32.31666666666666,11.063259259259258
2021-06-13 06:00:00+00:00,44.66503264285715,-65.67354342857142,1.8499999999999999,108.18333333333334,32.35,11.123392857142857
2021-06-13 07:00:00+00:00,44.66503264285715,-65.67354342857142,1.8499999999999999,110.14999999999999,32.28333333333333,11.677214285714285
2021-06-13 08:00:00+00:00,44.66503264285715,-65.67354342857142,1.8499999999999999,110.49166666666667,32.266666666666666,11.956392857142857
2021-06-13 09:00:00+00:00,44.66503264285715,-65.67354342857142,1.8499999999999999,111.39166666666667,32.21666666666667,12.32932142857143
2021-06-13 10:00:00+00:00,44.66503264285715,-65.67354342857142,1.8499999999999999,111.70833333333333,32.06666666666667,12.607785714285715
2021-06-13 11:00:00+00:00,44.664545333333336,-65.67318355555555,1.7703703703703704,110.15454545454546,32.11666666666667,12.726962962962963
2021-06-13 12:00:00+00:00,44.66503264285715,-65.67354342857142,1.8499999999999999,111.24166666666667,32.083333333333336,12.703999999999999
2021-06-13 13:00:00+00:00,44.66503264285715,-65.67354342857142,1.8499999999999999,112.44166666666666,32.03333333333333,12.404535714285714
2021-06-13 14:00:00+00:00,44.66503264285715,-65.67354342857142,1.8499999999999999,112.325,32.18333333333334,12.058964285714286
2021-06-13 15:00:00+00:00,44.66503264285715,-65.67354342857142,1.8499999999999999,111.53333333333335,32.1,11.605785714285714
2021-06-13 16:00:00+00:00,44.66503264285715,-65.67354342857142,1.8499999999999999,110.46666666666665,32.25,11.096
2021-06-13 17:00:00+00:00,44.664545333333336,-65.67318355555555,1.7703703703703704,105.17272727272729,32.333333333333336,11.04251851851852
2021-06-13 18:00:00+00:00,44.66503264285715,-65.67354342857142,1.8499999999999999,108.8,32.11666666666667,11.057142857142859
2021-06-13 19:00:00+00:00,44.66503264285715,-65.67354342857142,1.8499999999999999,110.75,31.083333333333332,11.502464285714286
2021-06-13 20:00:00+00:00,44.66503264285715,-65.67354342857142,1.8499999999999999,112.97500000000001,31.05,12.15732142857143
2021-06-13 21:00:00+00:00,44.66503264285715,-65.67354342857142,1.8499999999999999,113.7,30.916666666666668,12.459357142857144
2021-06-13 22:00:00+00:00,44.66503264285715,-65.67354342857142,1.8499999999999999,114.25,30.95,12.783464285714286
2021-06-13 23:00:00+00:00,44.664545333333336,-65.67318355555555,1.7703703703703704,107.37272727272726,30.816666666666666,13.022444444444444
2021-06-14 00:00:00+00:00,44.66503264285715,-65.67354342857142,1.8499999999999999,114.38333333333333,30.8,12.992178571428571
2021-06-14 01:00:00+00:00,44.66503264285715,-65.67354342857142,1.8499999999999999,114.22500000000001,30.95,12.567892857142857
2021-06-14 02:00:00+00:00,44.66503264285715,-65.67354342857142,1.8499999999999999,113.175,30.883333333333336,12.105107142857142
2021-06-14 03:00:00+00:00,44.66503264285715,-65.67354342857142,1.8499999999999999,111.80833333333334,30.95,11.739928571428573
2021-06-14 04:00:00+00:00,44.66503264285715,-65.67354342857142,1.8499999999999999,110.46666666666665,31.166666666666668,11.16532142857143
2021-06-14 05:00:00+00:00,44.66503264285715,-65.67354342857142,1.8499999999999999,105.25,32.416666666666664,11.065857142857142
2021-06-14 06:00:00+00:00,44.664545333333336,-65.67318355555555,1.7703703703703704,104.54545454545455,32.3,11.181148148148148
2021-06-14 07:00:00+00:00,44.66503264285715,-65.67354342857142,1.8499999999999999,107.425,32.4,11.219142857142858
2021-06-14 08:00:00+00:00,44.66503264285715,-65.67354342857142,1.8499999999999999,109.35000000000001,32.4,11.671607142857143
2021-06-14 09:00:00+00:00,44.66503264285715,-65.67354342857142,1.8499999999999999,110.52499999999999,32.53333333333333,11.905035714285715
2021-06-14 10:00:00+00:00,44.66503264285715,-65.67354342857142,1.8499999999999999,111.08333333333333,32.23333333333333,12.332142857142857
2021-06-14 11:00:00+00:00,44.66503264285715,-65.67354342857142,1.8499999999999999,110.19166666666666,32.38333333333333,12.621821428571428
2021-06-14 12:00:00+00:00,44.66503264285715,-65.67354342857142,1.8499999999999999,112.0,32.416666666666664,13.049035714285713
2021-06-14 13:00:00+00:00,44.66503264285715,-65.67354342857142,1.8499999999999999,112.77499999999999,32.4,12.966892857142856
2021-06-14 14:00:00+00:00,44.66503264285715,-65.67354342857142,1.8499999999999999,114.20833333333333,32.4,12.307678571428571
2021-06-14 15:00:00+00:00,44.66503264285715,-65.67354342857142,1.8499999999999999,112.65833333333335,32.21666666666667,11.97875
2021-06-14 16:00:00+00:00,44.66503264285715,-65.67354342857142,1.8499999999999999,111.375,32.28333333333333,11.39625
2021-06-14 17:00:00+00:00,44.66503264285715,-65.67354342857142,1.8499999999999999,107.825,32.38333333333333,11.129035714285715
2021-06-14 18:00:00+00:00,44.664545333333336,-65.67318355555555,1.7703703703703704,108.08181818181819,32.416666666666664,11.268666666666668
2021-06-14 19:00:00+00:00,44.66503264285715,-65.67354342857142,1.8499999999999999,110.575,32.53333333333333,11.410678571428573
2021-06-14 20:00:00+00:00,44.66503264285715,-65.67354342857142,1.8499999999999999,112.36666666666667,32.38333333333333,11.593785714285714
2021-06-14 21:00:00+00:00,44.66503264285715,-65.67354342857142,1.8499999999999999,113.64166666666667,32.28333333333333,12.059035714285715
2021-06-14 22:00:00+00:00,44.66503264285715,-65.67354342857142,1.8499999999999999,114.78333333333335,32.35,12.580964285714286
2021-06-14 23:00:00+00:00,44.66503264285715,-65.67354342857142,1.8499999999999999,115.375,32.416666666666664,12.784892857142856
2021-06-15 00:00:00+00:00,44.664545333333336,-65.67318355555555,1.7703703703703704,110.48181818181818,32.36666666666667,12.96288888888889
2021-06-15 01:00:00+00:00,44.66503264285715,-65.67354342857142,1.8499999999999999,115.2,32.25,13.05892857142857
2021-06-15 02:00:00+00:00,44.66503264285715,-65.67354342857142,1.8499999999999999,114.80833333333334,32.28333333333333,12.69775
2021-06-15 03:00:00+00:00,44.66503264285715,-65.67354342857142,1.8499999999999999,112.97500000000001,32.4,12.146928571428571
2021-06-15 04:00:00+00:00,44.66503264285715,-65.67354342857142,1.8499999999999999,111.075,32.46666666666667,11.540428571428572
2021-06-15 05:00:00+00:00,44.66503264285715,-65.67354342857142,1.8499999999999999,109.8,32.43333333333333,11.043000000000001
2021-06-15 06:00:00+00:00,44.66503264285715,-65.67354342857142,1.8499999999999999,107.10000000000001,32.516666666666666,11.01917857142857
2021-06-15 07:00:00+00:00,44.664545333333336,-65.67318355555555,1.7703703703703704,104.55454545454545,32.43333333333333,11.303925925925926
2021-06-15 08:00:00+00:00,44.66503264285715,-65.67354342857142,1.8499999999999999,108.84166666666665,32.4,11.55407142857143
2021-06-15 09:00:00+00:00,44.66503264285715,-65.67354342857142,1.8499999999999999,109.60000000000001,32.266666666666666,11.924214285714285
2021-06-15 10:00:00+00:00,44.66503264285715,-65.67354342857142,1.8499999999999999,110.41666666666667,32.28333333333333,12.334857142857143
2021-06-15 11:00:00+00:00,44.66503264285715,-65.67354342857142,1.8499999999999999,111.75833333333333,32.28333333333333,12.864785714285714
2021-06-15 12:00:00+00:00,44.66503264285715,-65.67354342857142,1.8499999999999999,109.175,32.36666666666667,13.09425
2021-06-15 13:00:00+00:00,44.66503264285715,-65.67354342857142,1.8499999999999999,111.36666666666667,32.25,13.116428571428571
2021-06-15 14:00:00+00:00,44.66503264285715,-65.67354342857142,1.8499999999999999,110.71666666666665,32.300000000000004,12.817071428571428
2021-06-15 15:00:00+00:00,44.66503264285715,-65.67354342857142,1.8499999999999999,110.89166666666667,32.333333333333336,12.364357142857143
2021-06-15 16:00:00+00:00,44.66503264285715,-65.67354342857142,1.8499999999999999,109.79166666666667,32.483333333333334,11.817214285714286
2021-06-15 17:00:00+00:00,44.66503264285715,-65.67354342857142,1.8499999999999999,108.375,32.483333333333334,11.215785714285714
2021-06-15 18:00:00+00:00,44.66503264285715,-65.67354342857142,1.8499999999999999,106.09166666666665,32.583333333333336,11.164142857142858
2021-06-15 19:00:00+00:00,44.66503264285715,-65.67354342857142,1.8499999999999999,101.3,32.43333333333333,11.270178571428572
2021-06-15 20:00:00+00:00,44.66503264285715,-65.67354342857142,1.8499999999999999,105.30833333333334,32.53333333333333,11.394142857142857
2021-06-15 21:00:00+00:00,44.66503264285715,-65.67354342857142,1.8499999999999999,108.0,32.36666666666667,11.96867857142857
2021-06-15 22:00:00+00:00,44.66503264285715,-65.67354342857142,1.8499999999999999,106.76666666666667,32.416666666666664,12.214107142857143
2021-06-15 23:00:00+00:00,44.66503264285715,-65.67354342857142,1.8499999999999999,107.47500000000001,32.333333333333336,12.563821428571428
2021-06-16 00:00:00+00:00,44.66503264285715,-65.67354342857142,1.8499999999999999,106.8,32.449999999999996,12.969964285714285
2021-06-16 01:00:00+00:00,44.66503264285715,-65.67354342857142,1.8499999999999999,106.81666666666666,32.28333333333333,13.083357142857142
2021-06-16 02:00:00+00:00,44.66503264285715,-65.67354342857142,1.8499999999999999,110.55,32.3,12.954464285714286
2021-06-16 03:00:00+00:00,44.66503264285715,-65.67354342857142,1.8499999999999999,109.98333333333333,32.21666666666667,12.498285714285714
2021-06-16 04:00:00+00:00,44.66503264285715,-65.67354342857142,1.8499999999999999,109.36666666666667,32.31666666666666,12.102392857142858
2021-06-16 05:00:00+00:00,44.66503264285715,-65.67354342857142,1.8499999999999999,108.00833333333333,32.28333333333333,11.567892857142857
2021-06-16 06:00:00+00:00,44.66503264285715,-65.67354342857142,1.8499999999999999,106.425,32.43333333333333,11.200999999999999
2021-06-16 07:00:00+00:00,44.664545333333336,-65.67318355555555,1.7703703703703704,98.5909090909091,32.35,11.486925925925926
2021-06-16 08:00:00+00:00,44.66503264285715,-65.67354342857142,1.8499999999999999,101.64999999999999,32.31666666666666,11.230607142857142
2021-06-16 09:00:00+00:00,44.66503264285715,-65.67354342857142,1.8499999999999999,105.45833333333333,32.333333333333336,11.705321428571429
2021-06-16 10:00:00+00:00,44.66503264285715,-65.67354342857142,1.8499999999999999,105.93333333333334,32.15,12.087
2021-06-16 11:00:00+00:00,44.66503264285715,-65.67354342857142,1.8499999999999999,107.09166666666665,32.083333333333336,12.243857142857141
2021-06-16 12:00:00+00:00,44.66503264285715,-65.67354342857142,1.8499999999999999,107.45,32.266666666666666,12.549928571428572
2021-06-16 13:00:00+00:00,44.66503264285715,-65.67354342857142,1.8499999999999999,105.46666666666665,32.233333333333334,12.902928571428571
2021-06-16 14:00:00+00:00,44.66503264285715,-65.67354342857142,1.8499999999999999,108.99166666666667,32.18333333333333,12.866821428571429
2021-06-16 15:00:00+00:00,44.66503264285715,-65.67354342857142,1.8499999999999999,110.44166666666666,32.15,12.585107142857142
2021-06-16 16:00:00+00:00,44.66503264285715,-65.67354342857142,1.8499999999999999,110.33333333333333,32.15,12.272714285714287
2021-06-16 17:00:00+00:00,44.66503264285715,-65.67354342857142,1.8499999999999999,109.18333333333334,32.35,11.779142857142858
2021-06-16 18:00:00+00:00,44.66503264285715,-65.67354342857142,1.8499999999999999,108.41666666666667,32.31666666666666,11.428214285714287
2021-06-16 19:00:00+00:00,44.66503264285715,-65.67354342857142,1.8499999999999999,101.85833333333333,32.416666666666664,11.30675
2021-06-16 20:00:00+00:00,44.6619622,-65.67927929999999,2.04,99.58,32.38333333333333,11.614894736842105
2021-06-17 11:00:00+00:00,44.669489125,-65.67358975,2.3625,108.10000000000001,32.2,12.5060625
2021-06-17 12:00:00+00:00,44.662424699999995,-65.6812578,2.09,110.93333333333334,32.15,12.7095
2021-06-17 13:00:00+00:00,44.662424699999995,-65.6812578,2.09,112.81666666666666,32.13333333333333,12.937450000000002
2021-06-17 14:00:00+00:00,44.662424699999995,-65.6812578,2.09,113.5,32.166666666666664,13.3154
2021-06-17 15:00:00+00:00,44.662424699999995,-65.6812578,2.09,113.55,32.18333333333334,13.2018
2021-06-17 16:00:00+00:00,44.662424699999995,-65.6812578,2.09,111.31666666666666,32.15,12.7155
2021-06-17 17:00:00+00:00,44.662424699999995,-65.6812578,2.09,108.43333333333334,32.18333333333334,12.324850000000001
2021-06-17 18:00:00+00:00,44.662424699999995,-65.6812578,2.09,105.25,32.21666666666667,11.6201
2021-06-17 19:00:00+00:00,44.662424699999995,-65.6812578,2.09,105.26666666666667,32.35,11.184050000000001
2021-06-17 20:00:00+00:00,44.662424699999995,-65.6812578,2.09,106.0,32.53333333333333,11.2013
2021-06-17 21:00:00+00:00,44.662424699999995,-65.6812578,2.09,107.08333333333333,32.4,11.47185
2021-06-17 22:00:00+00:00,44.662424699999995,-65.6812578,2.09,109.81666666666666,32.35,11.786
2021-06-17 23:00:00+00:00,44.662424699999995,-65.6812578,2.09,112.75,32.333333333333336,12.42675
2021-06-18 00:00:00+00:00,44.662424699999995,-65.6812578,2.09,113.78333333333335,32.3,12.9312
2021-06-18 01:00:00+00:00,44.662424699999995,-65.6812578,2.09,114.63333333333333,32.233333333333334,13.307150000000002
2021-06-18 02:00:00+00:00,44.662424699999995,-65.6812578,2.09,114.36666666666667,32.35,13.366400000000002
2021-06-18 03:00:00+00:00,44.662424699999995,-65.6812578,2.09,113.18333333333334,32.31666666666666,13.36885
2021-06-18 04:00:00+00:00,44.662424699999995,-65.6812578,2.09,111.46666666666665,32.28333333333333,12.934149999999999
2021-06-18 05:00:00+00:00,44.662424699999995,-65.6812578,2.09,107.81666666666666,32.38333333333333,12.324
2021-06-18 06:00:00+00:00,44.662424699999995,-65.6812578,2.09,106.33333333333333,32.28333333333333,11.9421
2021-06-18 07:00:00+00:00,44.662424699999995,-65.6812578,2.09,104.31666666666666,32.3,11.2967
2021-06-18 08:00:00+00:00,44.662424699999995,-65.6812578,2.09,103.63333333333333,32.28333333333333,11.101099999999999
2021-06-18 09:00:00+00:00,44.662424699999995,-65.6812578,2.09,103.66666666666667,32.3,11.305150000000001
2021-06-18 10:00:00+00:00,44.662424699999995,-65.6812578,2.09,104.10000000000001,32.3,11.4297
2021-06-18 11:00:00+00:00,44.662424699999995,-65.6812578,2.09,105.46666666666665,32.266666666666666,12.0461
2021-06-18 12:00:00+00:00,44.662424699999995,-65.6812578,2.09,109.0,32.233333333333334,12.5955
2021-06-18 13:00:00+00:00,44.662424699999995,-65.6812578,2.09,111.53333333333335,32.2,12.9661
2021-06-18 14:00:00+00:00,44.662424699999995,-65.6812578,2.09,113.36666666666667,32.35,13.2339
2021-06-18 15:00:00+00:00,44.66167152941176,-65.689271,2.2705882352941176,113.35000000000001,32.28333333333333,13.160705882352941
2021-06-18 16:00:00+00:00,44.67424245454545,-65.68598909090909,3.0,112.21666666666665,32.2,12.918000000000001
